st_teff,st_rad,st_met
6651.0,1.49,0.0
5628.0,0.911,-0.22
4953.0,0.726,-0.02
4983.0,0.805573,-0.02
5878.0,0.998,-0.02
5623.0,0.95685,0.21
4195.0,0.675093,-0.02
6200.0,1.58,0.01
5726.0,0.838,-0.18
3876.0,0.547805,-0.02
6038.0,1.744,0.34
5245.0,0.79,-0.02
5731.0,1.445,0.269
5596.0,0.837,-0.02
6338.0,0.847,-0.8
5627.0,0.815,-0.48
3885.0,0.502,-0.02
5596.0,1.735,-0.02
5801.8,1.79,-0.02
3484.0,0.393,0.15
5858.0,0.903,-0.2
3623.0,0.348,0.068
5596.0,0.92,-0.02
5482.0,0.89,0.05
5331.0,0.76,-0.02
5621.0,0.9715,0.026
4558.0,0.63,-0.23
3769.0,0.51,-0.02
4700.0,0.7761,-0.2
5460.0,0.818,-0.1
4213.0,0.675,-0.098
4929.0,0.719,-0.07
5093.0,0.784,0.12
5125.0,0.856,0.15
2566.0,0.1192,-0.02
4175.0,0.716312,-0.02
5773.9,1.21,-0.02
5374.0,0.815924,-0.02
4797.0,0.653,-0.46
5790.0,1.43,-0.02
3810.0,0.54,-0.1
4500.0,0.69,0.02
5627.0,1.116,-0.02
6215.0,0.957,-0.3
5851.0,0.918,-0.04
5106.0,0.7911,0.073
4841.0,0.81,-0.02
3231.0,0.241857,-0.02
4612.0,0.625,-0.02
6106.0,1.656,0.1
4996.0,1.95,-0.02
5982.0,0.96,-0.04
5943.0,1.13,0.12
4456.0,0.63,-0.02
6116.0,1.13,0.14
5495.0,0.985,0.12
4928.0,1.022,-0.221
5185.0,0.803827,-0.05
5380.72,0.817705,-0.143
5726.0,1.058,-0.238
3769.0,0.56,0.4
5596.0,0.936,-0.02
5595.4,1.06702,-0.02
5888.0,1.097,-0.1
4992.0,0.72,-0.24
5596.0,0.257,-0.02
3419.0,0.377509,-0.02
3700.0,0.542573,-0.02
5255.0,0.82,0.22
5569.0,0.829,-0.08
5315.0,0.87,0.0
6043.0,0.999,-0.04
3561.0,0.411,0.0
5621.0,0.783,-0.02
6299.0,1.167,0.21
5581.0,1.07,-0.02
5208.0,0.693,-0.38
5700.0,1.646,-0.02
5213.0,0.85,-0.09
4883.0,1.667,0.56
3560.0,0.544,-0.02
4736.0,0.63,-0.46
5701.0,1.05,0.27
5014.0,0.76,-0.05
5779.0,0.97,-0.08
4936.0,0.761,-0.08
5781.0,1.799,0.12
5997.0,1.574,-0.04
4603.0,0.751,-0.045
6205.0,1.689,-0.28
3681.0,0.512,0.07
5648.0,0.896,-0.43
4391.0,0.682,0.04
5983.0,1.07,-0.04
4970.0,1.806,0.32
4613.0,0.647,-0.02
3748.0,0.523113,-0.02
5889.0,1.17,-0.27
5596.0,0.73,-0.02
5545.0,1.014,-0.06
5507.0,0.9,0.06
6781.0,1.067,-0.58
5174.0,0.751,-0.12
3943.0,0.6113,0.332
5909.0,1.012,-0.02
5229.0,0.903,0.08
5945.0,1.274,0.01
4866.0,0.665,-0.47
6021.0,0.94,-0.02
5052.0,0.485,-0.02
6102.0,0.887,-0.38
4434.81,0.726565,-0.02
5967.0,1.17,-0.02
5501.0,0.918,0.02
5392.0,1.087,0.18
6361.0,1.47,-0.08
6290.0,1.09,-0.02
5343.0,0.885,0.44
4717.0,0.753,0.085
5149.0,0.791,-0.02
5881.0,1.0,-0.07
6090.0,1.19,0.08
5596.0,0.92,-0.02
5596.0,0.577,-0.02
6051.0,1.15,0.03
5881.0,1.294,0.16
5099.0,0.78,-0.01
6200.0,1.62,-0.02
5216.0,0.894,-0.02
5513.0,0.915,0.08
4888.0,0.880213,-0.02
6028.0,1.201,0.23
3810.0,0.54,-0.1
5137.0,0.8785,0.377
4720.0,0.712365,-0.06
5500.0,0.894,-0.02
5982.0,1.109202,0.16
4799.0,0.89,-0.02
6505.0,1.163,-0.12
5718.0,1.099,-0.06
5354.0,0.765,-0.18
5977.0,1.075,-0.1
5821.0,1.494,0.04
5614.0,0.827,-0.14
6210.0,1.32,0.01
8450.0,1.858,-0.059
3891.86,0.562607,-0.02
4369.0,0.66,-0.02
5505.0,0.873,-0.04
5418.0,0.840971,-0.02
4467.38,0.687025,-0.02
5044.0,0.7,-0.16
5356.0,0.861,0.09
5663.0,0.971,-0.02
5596.0,1.0849,-0.02
5943.0,1.7,0.19
5742.0,0.91,-0.12
6060.0,0.953,-0.14
5898.0,1.752,-0.01
5141.0,0.861,0.07
5831.0,0.873,-0.02
5178.0,0.778,-0.26
5426.0,0.88,-0.02
5413.0,0.85,-0.03
4700.0,0.778,0.11
5021.0,0.723259,-0.02
4856.0,0.705,0.0
6088.71,1.32375,-0.02
4508.0,0.68,-0.01
4922.0,0.823,0.2
5148.0,0.8,0.04
3765.0,0.644,-0.02
4003.0,0.56,-0.13
6382.7,1.76557,-0.02
5541.94,0.906761,-0.02
6003.0,1.15,0.09
5596.0,0.226,-0.18
5969.0,0.92,-0.02
5620.0,0.974,-0.32
5711.0,0.961,-0.03
5619.12,0.842301,-0.048
5692.0,0.909,-0.02
5618.0,1.79,-0.02
3200.0,0.259,0.11
5654.0,0.884,-0.02
5046.63,0.741147,-0.02
6119.0,1.03,-0.02
5431.0,0.884,-0.14
4880.0,0.622,-0.02
5376.0,0.792,-0.02
5742.22,1.17321,-0.39
5941.0,0.911,-0.14
5582.0,0.81,-0.02
5696.0,1.331,0.44
6223.0,1.31,0.0
5775.46,1.06221,-0.02
4173.0,18.939,0.06
5476.0,1.673,-0.56
6028.0,1.454,0.14
6188.0,1.524,0.44
5475.0,0.92,0.03
5982.0,0.96,-0.04
6001.0,1.367,-0.16
6474.0,1.26,-0.16
5710.0,1.258,-0.21
5543.0,0.813,-0.14
5019.0,0.778,0.33
6080.0,2.059,0.2
4696.7,1.0143,-0.02
5443.0,0.863922,-0.02
5772.0,0.901,0.0
3998.0,0.911,-0.08
5710.0,0.983,-0.03
5519.0,0.919,0.294
4648.0,0.594,-0.02
5679.0,0.924,0.23
5009.0,0.84,0.16
4935.0,0.82,-0.02
6096.0,1.435,0.11
4803.0,0.793235,-0.02
5328.97,0.943767,-0.02
5807.0,1.57,-0.02
5897.0,1.259,0.02
5596.0,0.276,-0.02
5719.98,1.08102,-0.02
6026.0,0.992,-0.36
4950.0,0.86,0.3
5754.0,0.96,0.2
6197.0,1.174,-0.02
5565.0,1.00018,-0.02
5934.0,1.0072,-0.05
3834.0,0.5,-0.02
5522.0,0.984,0.37
5835.0,0.869,-0.16
6118.0,1.16,0.0
4486.0,0.571,-0.02
6784.0,1.264,-0.46
5271.0,0.86,-0.06
6257.6,1.14,-0.02
4355.0,0.740712,-0.02
5790.0,1.269,-0.02
5080.0,0.898,0.31
3742.0,0.515547,-0.02
3841.0,0.535,-0.18
3211.0,0.313932,-0.02
5665.0,1.25,0.3
5573.0,0.81,-0.02
6438.0,1.135,-0.02
4938.0,1.221,-0.02
3724.0,0.57,0.2
6040.0,1.686,-0.44
5262.0,0.75,-0.44
6047.0,1.37,0.1
5851.0,1.115,-0.26
5890.0,1.608,0.1
6180.0,1.236,0.337
5620.0,0.85,0.07
5930.0,1.47,-0.02
5900.0,1.01,-0.02
5211.0,0.8,-0.02
6103.0,1.024,-0.26
6616.0,1.298,0.07
4225.0,0.693431,-0.02
5924.0,1.194,-0.02
5499.0,0.8521,-0.049
4432.0,0.90484,-0.02
5881.0,1.0,-0.07
5834.0,1.11,0.24
3582.0,0.458,0.18
3430.0,0.313,-0.27
5541.0,1.09,-0.02
5588.0,0.863,0.12
5333.0,0.828,-0.02
5508.0,1.988,0.1
4339.0,0.62,-0.18
6540.0,1.698,0.068
6194.0,1.129,0.21
5352.0,0.82,-0.06
4850.0,0.815,0.26
5808.0,1.54,-0.02
6077.0,1.072,0.21
5917.0,1.342,-0.02
5935.0,1.129,-0.02
5686.0,0.95,-0.02
6299.0,0.983,-0.32
5808.0,1.011,-0.03
6074.0,1.16,0.02
5477.0,0.840608,-0.02
5511.0,0.886,-0.162
6038.0,1.088,-0.24
6003.0,1.78,0.05
5716.0,1.28,-0.378
6074.0,0.97,-0.02
6078.0,1.189,-0.16
5555.0,1.626,-0.02
5757.0,1.1,0.28
5503.0,0.95,0.07
4935.0,0.685,-0.42
5788.0,1.31,-0.02
6215.0,0.957,-0.3
6299.0,1.167,0.21
5775.0,1.031,-0.04
4120.0,0.68,0.24
5048.0,0.771,-0.02
4375.0,0.621,-0.02
5763.0,0.99,0.23
5615.0,0.92,-0.02
5225.0,0.827,0.14
3709.0,0.469,0.0
6353.0,2.867,-0.1
5220.0,0.828,-0.02
5759.0,2.127,0.3
5300.0,0.81,-0.1
5191.0,1.00936,-0.02
5970.0,0.908,-0.18
5590.0,0.977,0.014
5977.0,0.801,-0.56
4752.0,0.758,0.019
3439.0,0.420028,-0.02
4988.0,0.686,-0.02
5797.0,1.03,-0.02
5929.0,1.03,-0.02
6120.0,1.446,0.0
5133.0,0.744,-0.02
5846.0,1.419,-0.12
6046.0,1.007,0.07
5743.0,1.21,0.42
5680.0,1.103,0.12
5417.0,0.79,-0.32
3547.0,0.42,-0.02
4799.0,0.668753,-0.34
5636.0,0.963,-0.25
5688.0,0.998,0.42
5685.0,0.893,-0.06
4027.0,0.57,-0.12
5271.0,0.838,0.14
6063.0,1.012,0.07
4725.0,0.687,-0.02
5265.0,1.09,-0.02
5776.0,0.726,-0.72
5744.0,0.901705,-0.14
5500.0,1.238,0.14
6092.0,0.998,-0.06
6278.0,1.05,-0.02
6277.0,1.378,-0.06
5840.0,0.97,-0.02
5376.0,0.806,-0.02
5224.0,0.726,-0.11
4965.0,0.784109,-0.02
4476.0,0.69,-0.02
3328.0,0.265,-0.24
3690.0,0.578,-0.02
5933.0,1.843,0.11
5648.0,0.896,-0.43
5432.0,0.9,-0.02
5090.09,0.820458,-0.02
4421.98,0.634754,-0.02
3789.0,0.46,-0.34
3769.0,0.56,0.4
3778.0,0.51,-0.05
4212.0,0.547,-0.02
5552.0,1.137,0.38
5906.0,1.458,0.095
5889.0,0.92,-0.02
5185.0,0.837,-0.06
3258.0,0.175,-0.5
4080.0,1.45,-0.02
6224.0,1.083,-0.06
5780.0,1.199,0.28
5710.0,1.7,0.0
6097.0,1.19,0.07
5752.0,1.358,-0.02
5266.0,0.788,-0.2
5948.0,2.186,0.329
6117.0,1.53,0.25
5120.0,0.748,0.1
5626.0,1.7457,0.409
6410.0,1.59,-0.02
6329.0,1.39619,-0.02
6050.0,2.112,0.0
5702.0,1.125,-0.28
5612.0,1.026,-0.05
5951.0,1.357,0.12
5618.0,0.897,-0.22
5918.0,1.079,0.32
5723.87,0.945408,-0.02
5893.0,1.02,-0.02
4687.0,0.715,0.014
5425.0,0.83,-0.07
6231.0,1.59,0.12
6033.0,0.917,-0.64
5420.0,0.868,0.0
5237.0,0.826,0.24
5596.0,0.891,-0.02
5596.0,1.94,-0.02
5962.0,1.028,0.0
3093.0,0.245,0.24
5560.0,0.881,-0.22
5142.0,0.755,-0.06
4919.0,0.721,-0.24
6380.0,1.29,0.2
6053.0,1.058,-0.02
5323.0,0.9839,0.332
3725.0,0.5,-0.03
6292.0,1.85,-0.16
4316.0,0.662,-0.23
5907.0,0.973,-0.16
5658.0,0.92,-0.09
6319.0,1.032,-0.22
4375.52,0.664503,-0.02
6248.0,0.886,-0.5
5656.0,1.41,-0.02
5070.0,0.78,0.05
5941.0,0.911,-0.14
5463.0,0.8,-0.02
5302.0,0.759,-0.02
5596.0,2.0,-0.02
5930.0,1.10013,-0.02
5995.0,1.635,-0.06
3894.0,0.541,-0.1
5573.0,0.839,-0.04
5631.0,0.851957,-0.02
5227.0,0.874131,-0.02
5749.0,0.98,-0.02
5512.0,1.365,-0.02
5248.0,0.83,-0.02
4878.0,4.11,-0.11
5741.0,0.833,-0.24
4910.0,0.76,0.24
6210.0,1.033,-0.1
5823.0,1.523,-0.02
5717.0,0.864,-0.08
5567.0,1.082,-0.02
5817.0,1.16,-0.05
6113.0,1.66165,-0.02
5900.0,0.929,-0.1
4816.0,0.757,0.24
4959.0,0.756,0.16
4667.0,0.69,-0.08
6063.0,1.001,-0.02
4597.0,0.66,-0.25
4043.0,0.6,-0.11
5827.0,0.999,-0.08
4877.0,0.77,0.26
5738.0,0.981,-0.06
6169.0,1.352,-0.02
5654.0,0.737,-0.56
6314.8,1.43,-0.02
5767.0,1.01,-0.02
7800.0,1.79,-0.02
5545.0,0.86,-0.02
5994.0,1.1,-0.02
5886.0,1.58,-0.02
5961.0,1.093,-0.25
3580.0,0.473,0.12
5016.0,0.679,-0.34
6167.0,1.064,0.07
3946.0,0.623609,-0.02
6194.0,1.02,-0.12
5909.0,1.420038,0.05
5799.0,1.59,-0.03
3791.0,0.574432,-0.02
3485.0,0.4314,0.15
6570.0,2.297,-0.12
5241.3,0.997091,-0.02
5673.0,0.940806,-0.02
3842.0,0.526,-0.1
5735.0,0.852,-0.16
4898.0,2.7,-0.23
5751.0,0.848,-0.28
4902.0,0.831423,-0.02
5596.0,0.8988,-0.02
5311.0,0.948,0.14
5986.0,1.2589,-0.159
4910.0,0.892,0.56
5324.0,0.853,0.21
6310.0,1.095,-0.06
5667.0,1.56,0.33
5316.0,0.804,0.0
4664.0,0.662,-0.12
5594.0,1.053,-0.02
5735.0,1.099,0.02
4909.0,0.724,0.11
5596.0,0.913,-0.02
6004.0,0.977,-0.02
5606.0,1.0284,-0.34
5316.0,0.864673,0.3
4476.0,0.637,-0.2
2850.0,0.1556,-0.028
5925.0,1.233,-0.069
6052.0,1.028,-0.12
6050.0,2.17,0.15
5216.0,0.81,0.03
5596.0,0.919,-0.02
3655.0,0.455,-0.02
5500.0,0.872,-0.064
5224.36,0.961092,-0.02
5917.0,1.269,-0.02
5350.0,0.934,0.139
5390.0,0.77,-0.02
5287.0,0.794,-0.02
5847.0,1.336,-0.13
6297.0,1.031,-0.2
5583.0,1.1146,-0.02
4773.0,0.686,-0.11
5866.0,1.367,0.0
6200.0,1.846,0.14
5266.0,0.788,-0.2
5889.0,0.924,-0.16
5517.0,0.9,0.03
5887.0,1.138,-0.16
5596.0,0.836,-0.02
5897.0,0.891,-0.16
5368.0,0.85,-0.08
6020.0,1.04,0.02
6122.0,1.17,-0.02
3871.0,0.49,-0.31
5500.0,0.9,0.05
4115.0,0.532,-0.02
6393.0,1.43,-0.02
4540.37,0.729825,-0.02
5561.0,1.19,0.16
5229.0,1.005,0.32
5596.0,0.669,-0.02
5596.0,0.71,-0.02
4343.0,0.732,-0.102
5862.0,1.586,0.27
5106.0,0.803,-0.08
5936.0,0.965,0.07
2960.0,0.182,-0.09
5440.0,0.876,0.38
3560.0,0.568,-0.02
6117.0,1.244,0.14
5897.0,1.289,-0.02
5786.0,1.491,-0.02
5737.0,1.179,-0.39
6640.0,2.62,0.14
6346.0,1.459,-0.02
4931.0,0.71,-0.02
5896.0,0.914,-0.1
5681.0,0.9,-0.02
4499.3,0.664,-0.02
5256.0,0.82,-0.02
5046.0,0.752,-0.55
5777.0,1.09,-0.02
5142.0,0.745,-0.12
5986.0,1.404,-0.02
5596.0,0.792,-0.02
5203.0,0.865,0.22
5633.4,1.22,-0.02
5596.0,0.215,-0.02
4819.0,0.769,0.095
10500.0,0.92,-0.02
3089.0,0.158,0.0
5831.0,1.0,-0.04
4350.0,0.625,-0.26
5438.0,0.83,0.0
8840.0,1.77,-0.02
5822.0,0.92,-0.02
6475.0,1.318,-0.02
5594.0,0.934,0.16
6550.0,2.058,-0.28
6087.0,1.66,0.15
4791.0,0.742,0.07
5812.0,0.838,-0.28
4905.0,0.682,-0.4
5187.9,0.826,-0.02
6038.0,1.088,-0.24
4850.0,0.731,0.2
5289.0,0.738,-0.02
5596.0,0.92,-0.02
5883.0,1.529,0.2
3384.0,0.34388,-0.02
6230.0,1.508,-0.02
4401.0,0.581,-0.02
3223.0,0.32,-0.02
6995.5,2.22759,-0.02
3702.0,0.485948,-0.02
3219.0,0.347,0.27
5956.0,1.209,0.0
3640.0,0.59,-0.02
4922.0,0.823,0.2
5780.0,1.0,-0.02
6138.0,1.486,0.049
5596.0,0.92,-0.02
4941.0,4.885,0.4
3275.0,0.23,-0.02
5911.0,0.887,-0.2
5871.0,0.94,-0.17
6038.0,1.27527,-0.02
5509.0,0.916,-0.02
5591.0,0.86,0.07
3985.0,0.55,-0.26
5818.0,1.384,0.23
5151.0,0.785,-0.16
5080.0,0.628,-0.86
4751.0,0.71,-0.07
6057.0,0.96,-0.02
5685.0,0.96,0.02
6295.0,1.28,0.0
5601.0,0.83,-0.12
6272.0,2.05979,-0.02
5245.0,0.79,-0.02
4237.0,0.551,-0.02
6035.0,1.135,-0.14
3437.0,0.483,-0.12
5079.0,0.827,0.12
4821.0,0.788,0.16
5840.0,0.97,-0.02
5570.0,0.899,-0.18
5848.0,1.077,0.15
6070.0,0.812,-0.76
6144.0,1.106,-0.06
5527.0,0.88,-0.08
5052.0,0.48,-0.5
4912.0,4.142,-0.02
5314.0,0.76,-0.19
6027.0,1.1,0.0
6160.0,2.333,0.065
4595.0,0.6796,0.22
6102.0,1.026,0.0
6536.0,2.201,0.19
6328.9,1.55,-0.02
5745.0,3.955,0.4
5537.0,0.88,0.21
6000.0,1.519,-0.12
5706.0,2.35,-0.02
4612.0,0.65,-0.21
5743.0,1.53,0.27
4664.0,0.76,-0.02
3807.0,0.47,-0.02
6201.0,0.989,-0.2
5678.0,0.97,0.26
4749.0,0.72,0.05
4470.0,0.579,-0.02
5614.0,0.827,-0.14
5800.0,1.01,-0.02
5962.7,1.15,-0.02
6143.0,1.763,0.12
3950.0,0.592,-0.02
5711.17,0.990833,0.018
6432.0,1.3,-0.14
5951.0,1.06,0.2
6534.0,1.23,-0.02
5532.0,0.947,0.218
5920.2,1.43,-0.02
6244.0,1.009,-0.2
5750.0,1.0,0.0
5782.0,0.92,-0.02
3861.0,0.5776,-0.02
3385.0,0.33,-0.02
6126.0,1.021,-0.04
5848.8,1.79,-0.02
5839.0,0.998,-0.11
6165.0,1.383,-0.02
5260.0,0.755,-0.02
5626.0,1.389,0.14
5272.71,0.88,-0.02
4382.0,0.600869,-0.35
5128.0,0.821,-0.02
5413.0,0.757,-0.02
5596.0,0.92,-0.02
5948.0,1.025,-0.26
5037.0,0.789,-0.01
5993.0,1.14,0.09
5947.0,1.609,0.14
5658.0,1.09,0.15
6154.0,1.161,0.1
5963.52,1.20944,-0.441
5638.0,0.928,-0.42
6122.0,0.964,-0.18
6010.0,1.15,0.05
5561.0,0.873,-0.18
6214.0,1.297,-0.16
4263.0,0.6847,0.17
5568.0,1.034,0.06
3558.0,0.374,-0.09
6038.0,0.898,-0.28
4761.0,0.64,-0.4
5757.0,1.15,0.14
6362.0,1.46,-0.02
5529.0,0.832,-0.2
6020.0,1.093,-0.14
3717.0,0.49,-0.04
5149.0,0.803,-0.14
5636.0,1.354,0.42
4828.0,0.73,0.01
6108.0,1.011,-0.08
5792.0,1.02,0.05
6401.0,1.15,-0.04
5773.0,0.98,-0.15
4336.0,0.668693,-0.02
5295.0,0.949,0.33
5262.0,0.885,-0.02
6128.0,1.51,-0.02
5430.0,0.89,-0.02
4249.1,0.82,-0.02
5106.0,0.78,0.03
5162.0,0.797,0.17
6331.0,1.38,-0.02
5502.0,0.68,-0.02
4771.0,0.696,-0.22
6740.0,1.56,-0.02
5516.0,0.895,-0.2
5377.0,0.841458,0.07
5330.0,0.932,0.0
6309.0,1.27132,-0.02
6400.0,1.466,0.0
6274.0,1.47,0.03
5588.0,0.881,-0.02
5464.2,1.02592,-0.02
4784.0,3.22859,-0.02
4970.0,1.32,-0.02
5192.0,0.802,0.16
5596.0,0.801,-0.02
5596.0,0.634,-0.02
6453.0,1.28,-0.18
5600.0,1.02,-0.02
3977.0,0.609,0.44
6218.0,1.168,-0.36
4680.0,0.72,0.04
5106.0,0.796,-0.02
5718.0,0.860124,-0.02
5234.0,0.854,0.3
5596.0,0.92,-0.02
5573.0,0.827,-0.12
5768.0,1.067,-0.04
6014.0,1.1,0.02
5807.0,1.06,0.02
3992.0,0.532439,-0.02
4572.94,0.68988,-0.02
3762.0,0.53,-0.11
3807.0,0.56,-0.02
5922.0,0.961,-0.08
5497.0,0.809,-0.1
6290.0,1.09,-0.02
5036.0,0.74,-0.02
5623.0,1.04,-0.02
4079.0,0.632,-0.11
5239.0,0.826,0.0
4864.0,0.785799,-0.02
5596.0,1.0574,-0.02
5729.0,0.98,-0.02
5754.0,1.46,0.27
4750.0,0.729,0.12
5736.0,0.85,-0.02
5570.0,0.92,-0.01
5943.0,1.66,-0.02
4360.0,1.94153,-0.02
5059.0,0.733,-0.114
5100.0,0.748,-0.02
3326.0,0.404,-0.02
4591.0,0.665648,-0.18
5888.0,1.961,0.21
5808.0,1.20191,-0.02
5494.0,0.835682,-0.02
5523.0,0.88,0.0
6031.0,1.608,-0.02
5753.0,0.96,-0.03
4201.0,0.591,-0.2
6351.0,1.0,-0.16
3489.0,0.490729,-0.02
5017.0,0.885,0.25
3553.0,0.476,0.041
5750.0,0.942,0.02
5781.0,0.86,-0.02
4397.0,0.577,-0.58
4677.0,0.71,0.04
5596.0,0.785,-0.02
5564.0,0.99,0.06
6504.0,1.57,0.04
5418.0,0.93,0.09
5991.0,1.092,-0.02
5653.0,0.949,0.1
5854.0,1.01613,-0.02
5080.0,0.785,-0.02
5130.0,0.756,-0.12
5213.0,0.8649,0.168
5571.0,0.91,0.02
5688.0,0.99,-0.02
5900.0,1.167,0.0
6303.0,1.06,-0.24
4255.0,0.58,-0.32
5000.0,0.82,-0.02
5151.0,0.86,0.17
4262.1,0.685548,-0.02
5614.0,0.839998,-0.22
5596.0,0.73,-0.02
5710.0,0.934,0.05
4790.0,0.729,0.08
6038.0,1.2,0.14
5632.0,0.83,-0.02
4950.0,0.745,0.07
5725.0,1.392,0.187
3719.0,0.512361,-0.02
6220.0,1.328,0.02
5094.0,0.87,0.16
6238.0,1.054,-0.4
4402.0,0.637,-0.02
5800.0,1.06,-0.46
5841.0,0.931,0.07
5151.4,0.86,-0.02
5986.0,1.03963,-0.02
5174.0,0.78,-0.02
6090.0,1.025,-0.2
5845.0,0.874,-0.16
5973.0,1.61,-0.02
4534.0,0.69,-0.02
5083.0,0.844,0.22
5684.0,1.012,-0.02
5902.0,0.989,-0.1
6117.0,1.53,0.25
5245.0,0.903,-0.02
4802.0,0.69,0.15
3851.0,0.552,-0.02
5250.0,0.963515,0.35
5968.0,0.881,-0.26
5681.0,0.923,0.21
5930.0,0.923,-0.02
5838.0,0.897,-0.08
5125.0,0.856,0.15
5675.0,1.38,-0.02
6217.0,0.989,-0.22
5033.0,0.821,0.06
5430.0,1.71,0.2
5400.0,1.18,-0.02
5975.0,0.9,-0.44
5914.0,0.955,-0.06
6528.0,1.155,-0.16
3485.0,0.461,0.3
5880.0,1.288,0.24
6179.0,1.14,-0.02
6210.0,1.054,-0.18
5409.0,0.746,-0.3
5653.0,0.94,0.02
5065.0,0.728,-0.14
3827.0,0.53,-0.06
4374.0,0.614,-0.34
5054.0,0.76,-0.02
3972.0,0.92,-0.02
4545.43,0.713599,-0.02
6320.0,1.273,-0.1
5772.0,0.96,-0.07
5660.0,1.021,-0.02
5050.0,0.714,0.08
5554.0,1.01,-0.02
5684.0,1.415,0.02
4500.0,0.677,-0.02
5890.0,1.385,-0.008
5513.0,0.818,-0.16
5528.0,0.905339,-0.02
5272.0,0.851,-0.02
6426.0,1.154,-0.12
6484.0,1.173,-0.08
5456.75,1.022,-0.02
5520.79,0.874291,-0.02
5981.0,1.13,0.06
5596.0,0.92,-0.02
3896.0,0.54,-0.27
6032.0,1.001,-0.02
5058.0,1.86,-0.02
5685.0,1.35,0.24
4137.0,0.612,0.0
5563.0,0.927,0.014
5784.0,0.96,-0.038
6183.0,1.81,-0.02
3272.0,0.401575,-0.02
3262.0,0.4,-0.02
5185.0,0.803827,-0.05
4884.0,0.74413,-0.02
4669.0,0.69,-0.02
3926.0,0.62,0.0
5258.0,0.793,0.04
5190.0,0.874,-0.02
5703.0,0.92,-0.02
3609.0,0.502498,-0.02
5497.0,0.874,-0.02
4738.0,0.7,0.08
5596.0,0.491,-0.02
3691.0,0.318,-0.02
5600.0,1.0,0.31
5477.0,0.894913,0.26
5551.0,1.301,-0.02
4590.0,0.757521,-0.02
5637.0,0.943,-0.3
5025.77,0.801736,-0.02
4850.0,0.81,0.2
4142.0,0.536,-0.02
5619.0,1.199,0.14
5671.0,1.084,0.16
5762.0,1.69,0.27
4927.0,0.765,0.132
5565.0,1.03,0.0
4665.0,0.681,-0.02
7437.0,1.7,-0.02
3436.0,0.379,-0.02
5281.0,0.859,0.168
5456.0,0.908,0.11
5796.0,0.87,-0.02
4972.0,2.568173,-0.03
5578.0,0.9,-0.03
6516.0,1.471,0.052
5617.0,1.032,-0.02
3960.0,0.63,-0.02
5822.0,0.898,-0.06
5717.0,0.884,0.0
5497.0,1.052,0.36
5374.0,0.721,-0.68
5516.0,0.818,-0.14
5657.0,1.046,0.0
4892.0,0.742779,-0.02
5803.0,1.073,-0.08
5527.0,0.833,0.09
5887.0,1.029,0.08
5660.0,0.877,-0.28
5451.0,0.85,-0.02
4402.0,0.7,-0.02
3496.0,0.344,-0.04
5570.0,0.885,-0.02
6157.0,1.117,0.0
4079.0,0.68,-0.02
5620.0,0.884,0.06
5287.7,1.73,-0.02
4508.0,0.68,-0.01
5438.0,0.82,0.02
5195.0,0.69,-0.56
6933.0,1.53,-0.05
6570.0,1.39,-0.03
6486.0,1.485,-0.34
6300.0,1.474,0.28
4843.0,0.658,-0.02
5802.0,1.314,-0.01
5263.0,0.718,-0.02
5122.0,1.61423,-0.02
5043.0,0.758046,-0.14
27730.0,0.203,-0.02
5141.67,0.837606,-0.02
6347.0,1.87,-0.02
3537.0,0.256,-0.02
5808.0,1.0,0.02
4159.0,0.583,-0.24
3563.0,0.4232,-0.109
5580.0,0.843154,-0.25
5790.7,1.20174,-0.02
5554.02,0.848906,-0.02
5966.0,2.9,0.14
6351.0,1.61988,-0.02
3743.0,0.49,0.06
6299.0,0.983,-0.32
5789.0,0.907,-0.292
3655.0,0.455,-0.02
5541.0,0.931,-0.02
5477.0,0.867368,-0.02
3412.0,0.38,0.37
5457.0,0.963518,-0.02
5964.0,1.09,-0.02
6170.0,1.35,0.0
4884.29,0.750598,-0.02
5862.0,1.149,0.32
6036.0,1.093,0.02
5888.0,1.019,0.1
5850.0,1.187,-0.04
5911.0,1.32,-0.049
5664.0,1.054,-0.34
3360.47,0.330989,-0.02
6085.0,1.17,0.02
5952.0,0.991,-0.02
4750.0,0.77,0.1
6329.0,1.39619,-0.02
6848.0,1.51554,-0.02
6149.0,1.5092,0.16
5859.45,0.98,-0.02
5673.0,0.890666,-0.1
4057.0,0.58,0.2
5640.0,1.088,0.143
5307.0,0.85,-0.02
3461.0,0.424,-0.07
5130.0,0.745,-0.01
6308.0,1.153,-0.08
5730.0,1.32,0.15
5596.0,0.948,-0.02
5802.0,1.368,0.326
3996.0,0.515,-0.02
3072.0,0.56,-0.02
5496.0,1.75896,-0.02
4494.0,0.659,-0.04
5523.0,1.12,-0.02
4450.0,0.707,0.14
5596.0,0.64,-0.02
5397.0,0.831,-0.02
4065.0,0.57,-0.13
5493.0,0.982,-0.02
6440.0,1.374,-0.03
6394.0,1.317,0.24
5468.0,1.306,0.14
5237.0,0.837,-0.12
6220.0,1.066,-0.1
6341.0,1.36,0.12
4219.0,0.73,-0.02
3551.0,0.374358,-0.02
5596.0,1.0711,-0.02
5032.0,0.728,-0.02
5229.0,0.877,0.07
5631.0,0.912206,-0.19
5615.0,0.936,0.24
6101.0,1.11672,-0.02
5809.9,1.04,-0.02
5735.0,1.0235,0.149
5596.0,0.92,-0.02
6248.0,0.751,-0.02
5791.0,0.958,0.21
3613.0,0.48,0.09
3369.0,0.3126,0.209
3353.0,0.376,-0.02
3801.0,0.529,-0.02
5731.0,0.85,-0.02
5739.0,0.922,0.1
6074.0,0.94,-0.02
5806.0,0.899,-0.04
5760.0,0.92,-0.02
5513.0,0.753,-0.36
5818.0,0.87,-0.02
5809.0,1.38207,-0.02
5311.0,0.788,-0.04
6017.1,1.05318,0.13
5259.9,2.9,0.084
5795.0,0.919,-0.02
5911.0,1.626,-0.2
5596.0,1.48,-0.02
5504.0,0.83,-0.02
5823.0,1.491,-0.09
5941.0,1.692,0.04
5499.0,0.88,0.0
5075.0,0.769,-0.02
6000.0,1.768,0.34
5536.0,0.816,-0.12
5409.22,1.02101,-0.02
5244.0,0.888,0.02
5059.0,0.756,-0.114
6437.0,1.335,-0.18
3607.0,0.397924,-0.02
6365.0,1.02,-0.02
4987.0,0.768,0.12
5367.0,0.897,0.124
5772.0,0.86,-0.02
5822.0,0.898,-0.06
5774.0,0.958,-0.1
5080.0,0.628,-0.86
4137.16,0.591697,-0.02
6341.0,1.033,-0.24
6092.0,1.759,0.14
5741.0,0.846,-0.16
3007.0,0.2276,0.142
6039.0,1.11,-0.07
5877.0,1.854,-0.02
5937.0,0.832,-0.4
6032.0,0.973,-0.06
3240.0,0.27,-0.02
4111.0,0.66,-0.02
5639.0,1.03,-0.02
5936.0,1.035,-0.02
5871.0,1.044,0.049
3896.0,0.561,-0.32
5517.0,0.8,-0.02
5543.0,0.813,-0.14
5596.0,0.811,-0.02
5643.77,1.09457,-0.02
5234.0,2.56935,-0.02
5712.0,0.989,-0.44
4547.0,0.687426,0.01
5432.0,0.78,-0.02
3485.0,0.461,0.3
5596.0,0.92,-0.02
3341.0,0.32,-0.21
6190.0,1.499,-0.02
5596.0,0.92,-0.02
6220.0,1.41,-0.2
3385.0,0.35,-0.02
5148.0,0.78,-0.03
7598.0,1.638,-0.405
6525.0,1.56,-0.02
5693.0,0.802,-0.3
5883.0,1.03,-0.14
6004.0,1.12,-0.38
4885.0,0.725626,-0.09
5909.0,1.23,-0.02
5201.93,0.920172,-0.02
6143.0,1.655,-0.02
5833.0,1.03,0.02
6000.0,1.495,-0.02
5905.0,1.26,0.167
5530.0,0.86,-0.02
5596.0,0.577,-0.02
5596.0,0.949,-0.02
5880.0,0.917,-0.06
6100.0,1.76,-0.27
6103.0,1.383,0.02
6210.0,1.7903,-0.14
5411.0,1.06,-0.02
3840.6,0.542,-0.02
5900.0,1.06,-0.2
5432.0,1.707,0.21
6045.0,1.629,0.02
5818.0,1.2,0.02
5176.0,0.755,0.06
3568.0,0.42,0.02
3500.0,0.465777,-0.02
4726.0,0.71,-0.05
5677.0,0.828,-0.18
5596.0,1.0306,-0.02
5475.0,0.884,0.14
5757.0,1.008231,0.25
5596.0,0.92,-0.02
5805.0,1.4484,-0.02
5864.0,0.842,-0.28
5236.0,0.92,0.237
5568.0,1.13,-0.02
3746.0,0.51,0.0
5417.0,0.772,-0.32
5596.0,0.929,-0.02
5955.0,0.91,-0.16
5400.0,0.879,-0.02
5855.0,1.613,0.4
5820.0,1.01,-0.02
5835.0,0.99,0.12
5223.0,0.885,0.32
6306.0,1.79,-0.02
5170.0,0.81,0.16
6157.0,1.491,-0.02
5530.0,0.821,-0.15
4399.0,0.684,-0.02
5132.0,0.88,-0.02
5931.0,1.15,0.07
6132.0,1.14172,-0.02
4024.0,0.553,-0.2
5106.0,0.78,0.03
5534.0,0.796,-0.22
4552.0,0.665,-0.284
5905.0,1.257,-0.09
4812.0,0.755,0.02
5103.0,0.787,0.04
6074.0,1.005,-0.54
6363.0,1.035,-0.26
5766.0,0.86,-0.02
5013.0,0.75,-0.02
5914.0,1.00826,-0.02
5300.0,0.849,-0.16
5057.0,0.817,-0.02
5596.0,0.646,-0.02
5542.0,0.889,0.26
5679.0,0.95,0.0
5185.0,0.91,0.16
5793.0,1.25,-0.45
6304.0,1.42749,0.02
5717.0,0.864,-0.08
5186.0,0.74,-0.02
5356.0,1.22,-0.02
4667.0,0.69,-0.08
5638.0,0.909,-0.081
5428.0,0.92,-0.02
5536.0,0.875,-0.02
5237.0,0.856,-0.02
6212.63,1.50004,-0.02
5933.0,1.115,-0.06
5990.0,1.09,-0.02
4777.0,1.795,0.56
3657.0,0.505,0.196
6108.0,1.03,0.07
5596.0,1.13,-0.07
5845.0,1.436,0.07
4700.0,4.1,0.25
5910.0,1.25505,-0.02
5596.0,0.773,-0.02
3522.0,0.458,-0.01
5863.0,1.05,0.02
5596.0,0.92,-0.02
5506.0,0.8,-0.02
6012.0,1.468,-0.02
6038.0,0.922,-0.22
4612.0,0.65,-0.21
4859.0,0.697,-0.02
6860.0,1.605,0.317
5718.0,1.48,-0.18
4840.0,1.05,0.06
6273.0,1.139,-0.06
4520.0,0.655,-0.003
5596.0,0.92,-0.02
5699.0,0.96,0.01
6085.0,0.973,-0.28
5209.0,0.81,0.04
4671.0,0.68,0.0
5236.0,0.92,0.237
6173.0,1.108,0.21
5985.4,1.08958,-0.02
4859.0,0.689,-0.02
4747.0,0.72,-0.04
5289.0,0.98,0.24
5796.0,0.871,-0.12
5440.0,0.934028,-0.02
5527.0,1.054,0.26
6063.0,1.001,-0.02
5703.0,1.08,-0.02
4807.0,1.802,0.48
4848.0,0.73,-0.02
3620.0,0.394,-0.02
6287.2,1.69,-0.02
3244.0,0.261162,-0.02
3996.0,0.646,0.14
5130.0,0.756,-0.12
6620.0,1.676,-0.02
4451.0,0.72,-0.02
6390.0,1.65,-0.5
6150.0,0.851,-0.5
3506.0,0.423901,-0.02
5831.0,1.0,-0.04
5534.0,0.959,0.07
4282.0,0.559,-0.02
4621.0,0.758575,-0.02
3660.0,0.473,-0.013
5720.0,1.08783,-0.02
5512.0,1.69,-0.02
5059.0,1.657,0.24
4473.0,0.675,-0.244
10000.0,0.0123,-0.02
6250.0,1.426,0.0
5781.0,1.03,-0.02
5546.0,1.592,0.14
6407.0,1.734,0.21
8500.0,1.751,0.0
4336.0,0.669,-0.02
4832.0,0.741,0.08
4665.0,0.677,0.06
5977.0,1.459,0.15
3628.0,0.497905,-0.02
5816.0,0.902,-0.02
5239.0,0.785,0.0
6652.0,1.2,-0.02
4486.0,0.764401,-0.02
3248.0,0.275364,-0.02
3806.0,0.533024,-0.02
3530.0,0.567,0.21
3300.0,0.196,-0.24
5266.0,0.788,-0.2
5408.25,0.850041,-0.02
5105.0,0.794,-0.02
5690.0,0.956941,-0.02
5914.0,1.141,0.32
6092.0,0.998,-0.06
5284.0,0.8288,0.162
5356.3,0.863,0.14
4608.62,0.737189,-0.02
5134.0,0.76,-0.02
5280.0,0.751,-0.42
5596.0,1.008,-0.02
4779.0,0.67,-0.02
6085.0,0.958,-0.02
7430.0,1.444,-0.02
6222.5,1.45,-0.02
6284.0,1.99,-0.02
4813.0,0.69,-0.02
6707.0,1.48,-0.02
5921.0,1.045,-0.26
5527.0,0.866,-0.18
5335.0,0.81,0.07
5965.99,1.25231,-0.02
4201.93,0.632571,-0.02
5438.0,0.83,-0.16
5950.0,1.131,-0.3
6353.0,1.139,-0.14
5549.0,0.732,-0.54
5907.0,1.415,0.27
5957.0,0.971,0.07
6363.0,1.035,-0.26
4599.0,0.721,-0.02
5016.0,0.747,0.02
5950.0,1.483,0.07
6238.0,1.03,-0.02
5742.35,1.25423,-0.02
5705.33,1.74549,0.221
5740.0,0.86,-0.02
6045.0,1.538801,0.01
3325.0,0.383,0.03
5227.0,0.8,0.0
6220.0,1.328,0.02
5596.0,0.2064,-0.02
5625.0,0.95,-0.02
5356.0,1.055,0.2
3433.0,0.427953,-0.02
5541.0,0.81,0.02
5804.0,0.845,-0.5
4946.0,0.8,-0.02
5675.0,1.292,0.12
5306.0,0.886,0.344
4750.0,0.729,0.12
5254.0,1.514,0.21
5769.0,0.98,-0.04
5596.0,1.083,-0.02
6164.0,1.09,-0.12
5400.0,0.801,-0.06
4895.97,0.668,-0.02
5596.0,0.92,-0.02
3948.0,0.482388,-0.02
4031.0,0.523,-0.02
5596.0,0.841,-0.02
5894.0,1.228,0.21
4349.0,0.598075,-0.33
5596.0,1.013,-0.02
5596.0,1.2247,-0.02
4971.0,2.3895,-0.02
5096.0,0.785,0.14
5903.0,0.961,-0.26
5918.0,1.555,0.21
5058.0,0.798764,-0.37
6177.0,0.906,-0.4
4653.0,0.659,-0.02
3022.0,0.242745,-0.02
5948.0,1.403,-0.02
5854.0,1.546,0.34
5596.0,0.35,-0.02
6202.0,1.586,0.141
5060.0,0.82,0.28
5596.0,0.92,-0.02
6120.0,2.0,0.02
6210.0,1.033,-0.1
3745.0,0.568,0.11
5946.0,1.779,-0.02
5661.0,1.691,-0.02
5841.0,1.235,0.12
4972.0,0.627,-0.58
6254.0,1.706,-0.26
5050.0,0.832,0.22
4257.0,0.602,-0.3
5460.0,0.9105,0.146
5095.0,0.78,0.02
5861.0,0.872,-0.18
5195.0,0.699,-0.36
6446.0,1.155,-0.1
3304.0,0.286178,-0.02
5871.0,1.46198,-0.02
4221.0,0.56,-0.44
5854.0,2.192,-0.02
3691.0,0.53,-0.02
3809.0,0.606,-0.02
5690.0,1.06,0.07
3272.0,0.242121,-0.02
5596.0,0.696,-0.02
6169.0,1.168,-0.02
6064.0,2.9,-0.02
5945.0,1.39,0.1
6484.0,1.173,-0.08
6184.0,1.038,-0.06
4258.0,0.58,-0.3
5833.0,1.03,0.02
4929.0,0.71,-0.02
6190.0,1.401,-0.1
5071.0,0.811,-0.02
6230.0,2.02,0.22
4587.0,0.7,0.03
6362.0,1.1,-0.02
5665.0,1.095,0.48
6351.0,1.31,0.01
6270.0,1.404,-0.02
6387.0,1.381,0.2
5243.0,0.7934,-0.02
3436.0,0.379,-0.02
6061.0,0.97,-0.1
5547.0,0.92,0.04
5589.0,0.974,0.48
5596.0,0.785,-0.02
5058.0,0.81833,-0.02
5430.0,1.71,0.2
5903.0,1.47,0.16
6306.0,1.79,-0.02
4476.0,0.69,-0.02
5568.0,0.86,-0.11
6659.0,1.8,-0.02
5060.0,0.77,-0.03
5804.0,1.01,-0.02
3830.0,0.54,0.03
5847.0,1.2564,0.11
5713.0,0.85,-0.02
5818.0,1.1,-0.02
3575.0,0.58,-0.02
4764.0,0.699017,-0.13
6046.0,1.007,0.07
6213.0,1.486,-0.055
5869.0,1.626,-0.16
5430.0,1.71,0.2
5773.0,1.094,0.038
6422.0,1.173,-0.06
4364.0,0.71,0.15
3726.0,0.47,-0.12
6223.0,1.24,-0.02
5936.0,1.374,-0.02
5558.0,0.8,-0.02
6174.0,1.318,0.02
5938.0,1.129,-0.02
5529.0,0.832,-0.2
5866.0,1.439,0.32
3891.0,0.57,-0.02
5380.0,0.912,0.206
5342.0,0.8566,-0.303
5145.0,0.79,-0.02
6000.0,1.126,0.06
6474.0,1.242,-0.16
5764.0,1.069,0.239
5383.0,0.759,-0.22
5032.0,0.593,-0.96
5485.0,0.867,0.21
5970.0,1.3137,-0.373
6475.0,1.178,-0.06
5486.0,0.961,0.14
6053.0,1.277,-0.1
5676.0,1.066,-0.02
4197.0,0.6,-0.12
6166.0,1.397,0.09
5749.0,0.978,-0.08
4294.0,0.504,-1.0
5220.0,0.677,-0.54
5610.0,0.94,-0.19
5822.0,0.986,-0.1
4679.0,0.72,-0.02
5266.0,0.788,-0.2
5522.0,0.87,-0.04
5171.0,0.8,-0.03
4002.0,0.69132,-0.02
6163.0,1.406,-0.06
5514.0,1.043,0.02
5714.0,1.19,-0.02
5733.0,0.855,-0.12
4356.47,0.744261,-0.02
4954.0,0.76,0.04
4757.0,0.762,0.02
5013.0,0.657,-0.54
6014.0,1.13,0.02
5238.0,0.84,-0.02
5842.0,1.212,-0.18
5823.0,1.523,-0.02
5930.0,1.052,-0.04
5596.0,1.144,-0.02
5546.0,0.956,0.44
5427.0,0.929,0.16
3461.0,0.424,-0.07
5861.0,0.835,-0.32
6201.0,1.31,-0.14
3600.0,0.4144,-0.28
6143.0,1.116,-0.2
4980.0,0.734,-0.04
6956.0,1.744,-0.06
6321.0,1.273595,-0.23
3204.0,0.290216,-0.02
6185.0,1.27,0.05
5520.0,2.74429,-0.02
4246.0,0.552,-0.02
5252.0,0.898,0.04
6312.0,1.259,-0.2
4493.0,0.672,0.06
6674.0,1.48714,-0.02
4622.0,0.674,-0.02
4875.0,0.805,-0.03
4214.44,0.732115,-0.02
5724.0,0.862,-0.4
4650.0,0.706,-0.04
5596.0,0.938,-0.02
5877.0,1.963,0.04
4499.0,0.639,-0.26
3609.0,0.422,-0.06
5936.0,0.965,0.07
6153.0,1.14582,-0.02
6277.0,1.207,-0.1
3584.0,0.45,0.0
3375.0,0.37,-0.02
5887.0,1.843,-0.18
3800.0,0.6,0.04
4904.0,0.772,0.0
6083.0,1.382,-0.02
4807.0,0.601,-0.02
5748.0,1.04,0.27
6133.77,1.23,-0.02
5578.0,1.497,0.14
3652.0,0.48,0.18
3540.0,1.05,-0.02
6501.0,1.854,0.1
5430.0,0.86,0.1
5775.0,0.768,-0.52
5602.0,0.89,-0.02
6390.0,1.683,0.21
5775.0,1.114,-0.34
6341.0,1.033,-0.24
5596.0,0.92,-0.02
6055.0,1.03,-0.02
4485.0,0.598,-0.02
5633.0,0.94,-0.053
5596.0,0.215,-0.25
5895.0,2.014,0.14
3853.0,0.62326,-0.02
4821.0,0.817034,-0.02
4953.0,0.798,0.22
4062.02,0.580337,-0.02
5755.0,0.99,0.03
4947.0,0.868,0.36
5288.0,0.74,-0.02
3444.0,0.375994,-0.02
3762.0,0.53,-0.11
5367.0,1.807,-0.02
6370.0,1.44,0.03
5121.0,0.76,-0.17
5391.0,0.8,0.13
5589.0,1.218,0.3
6277.0,1.31,0.199
6124.0,1.007,-0.34
5897.0,4.015,-0.16
5155.0,0.778,-0.06
4827.0,0.729,0.14
6522.0,1.528,-0.54
5664.0,0.86,-0.02
5440.0,0.898,-0.02
3328.0,0.308799,-0.02
6498.0,1.2427,-0.02
4915.0,0.773,0.0
5596.0,0.371,-0.02
6730.0,1.52,-0.1
5044.0,0.77,-0.03
6244.0,1.234,-0.02
6065.0,1.006,-0.28
4127.0,0.621,-0.02
5664.0,0.86,-0.02
6136.25,1.4874,-0.02
5664.0,1.054,-0.34
5970.0,0.908,-0.18
5735.0,0.854,-0.14
5952.0,1.19,-0.02
5890.3,1.28018,-0.35
4718.0,0.67,-0.02
5664.68,1.17554,-0.02
4513.0,0.722,0.16
5045.0,0.742,-0.02
5543.0,0.566,-0.543
3547.0,0.42,-0.02
5624.0,0.94,0.06
6180.0,1.76,0.21
3522.0,0.48,-0.02
3065.0,0.2019,-0.09
5451.0,0.944511,-0.02
5977.0,1.006,-0.02
5600.0,1.112,0.12
6034.0,0.95,-0.02
5675.0,1.046,0.16
5157.0,0.818,-0.08
4230.0,0.708,0.41
5763.0,1.098,-0.02
6035.0,1.135,-0.14
5533.0,0.89,0.04
4099.0,0.727642,-0.02
5926.0,1.247,-0.02
4377.0,0.651,-0.02
5600.0,1.02095,-0.02
5418.0,0.888,0.36
5463.0,0.915,-0.02
6082.0,1.09,-0.02
5090.0,2.738,-0.02
5643.0,0.915519,-0.02
6071.0,1.107,-0.14
5722.0,1.561446,0.04
5529.0,1.025,0.162
5972.0,1.112,-0.02
5136.0,0.81,0.18
5675.0,0.910305,-0.01
6124.0,1.254,0.016
5093.0,0.847,0.08
4021.0,0.462,-0.02
3179.0,0.240233,-0.02
5397.0,0.82447,-0.08
5340.0,1.138,0.18
5969.0,0.94,-0.02
5446.0,0.766,0.0
3985.0,0.55,-0.26
6499.0,1.169,-0.1
3266.0,0.425,0.357
5485.0,0.87,-0.03
6140.0,1.09,-0.13
6045.0,2.112,-0.02
6461.0,1.529,-0.1
5185.0,0.793,-0.06
5720.0,1.035,0.25
5550.0,0.91,0.05
5106.0,0.796,-0.02
5665.0,0.968,0.1
5608.0,0.985,-0.02
5596.0,0.923,-0.02
3664.0,0.539,-0.11
4486.0,0.460589,-0.21
5683.87,1.07976,-0.02
5937.0,0.832,-0.4
4669.0,0.782888,-0.02
5541.0,0.81,0.02
6421.0,1.296,-0.03
5709.0,0.95,0.14
5596.0,0.616,-0.02
5563.0,0.927,0.014
4848.0,0.769,0.34
5675.0,0.84,-0.02
6321.0,1.25,-0.02
5216.0,0.8418,0.248
5880.0,0.917,-0.06
3512.0,0.59,0.19
5692.0,1.265,-0.04
5787.0,0.845,-0.02
4900.0,3.13,0.09
5695.0,0.936,0.16
6616.0,1.298,0.07
3360.47,0.330989,-0.02
3799.0,0.492,-0.2
6199.0,1.24,-0.03
5302.3,0.93,-0.02
6210.0,1.309,0.18
6131.0,1.24,0.04
5427.0,0.86,-0.02
5999.55,1.09414,-0.02
5485.0,0.867,0.21
6049.0,0.845,-0.46
6079.0,0.945,-0.2
5312.0,1.445,0.34
3707.0,0.622,0.501
5844.0,1.016,0.156
5522.0,0.87,-0.09
5392.9,1.27,-0.02
5315.0,0.79,-0.09
6029.0,1.6,0.31
6066.19,1.4457,0.2142
5611.0,0.91,-0.04
4069.0,0.525,-0.02
4900.0,0.687,-0.02
5818.0,1.01,-0.02
4160.1,0.87,-0.02
5946.0,1.239,-0.257
6223.0,1.31,0.0
6299.0,1.167,0.21
6274.0,1.925,0.119
5596.0,1.345,-0.02
5110.91,0.747752,-0.02
6120.0,2.0,0.02
5750.0,2.541,0.38
4500.0,0.677,-0.02
5377.0,0.971,0.018
5616.0,0.988,-0.04
5767.0,0.932,-0.02
5064.0,0.823883,-0.02
5768.0,1.123168,0.12
5668.0,2.437,0.14
5694.0,0.84,-0.02
5988.0,1.236,-0.12
3887.0,0.48,-0.36
5499.0,0.9,0.07
5961.0,1.08,0.01
5596.0,0.92,-0.02
5854.0,2.192,-0.02
5910.0,0.897,-0.02
5415.89,0.827372,-0.02
5478.0,0.855,-0.17
5844.0,1.02,-0.01
6208.0,1.009,-0.16
3369.0,0.42,0.48
5089.0,1.945,0.12
5862.0,1.307,-0.1
5305.0,1.154,-0.02
5891.0,1.83,0.12
5596.0,0.984,-0.02
5266.0,0.788,-0.2
6180.0,1.52,-0.02
3672.0,0.49,0.09
6217.0,2.63,0.21
5664.0,1.058,-0.24
5963.0,0.93,-0.02
6187.0,1.034,-0.26
5480.0,1.49,-0.02
5640.0,1.515,0.14
5757.0,1.068,-0.02
6010.0,1.318,-0.02
6517.0,1.159,-0.14
4859.0,0.707,-0.34
6228.0,1.049,-0.08
5403.0,0.868,0.0
6351.0,1.62,-0.02
5118.0,0.801,0.4
4392.0,0.61,-0.25
4869.0,0.77,-0.09
5427.0,0.945,-0.16
5721.0,0.968,-0.32
5355.0,0.803,0.0
5178.0,0.729,-0.27
5746.0,0.98,0.02
5251.0,0.87,0.256
5022.0,0.77,-0.02
5596.0,0.284,-0.02
3893.0,0.57,-0.02
5373.0,0.83,-0.08
5895.0,0.94,-0.02
3754.0,0.515,-0.02
5471.0,1.118,-0.02
5326.0,0.832,-0.41
5794.0,1.0,-0.02
6039.0,1.11,-0.07
5200.0,0.84,0.2
5169.47,0.928,-0.02
3436.0,0.22,-0.54
3770.0,0.5066,-0.16
5326.0,0.832,-0.41
4491.0,0.682,-0.01
5178.0,0.818,0.16
5597.0,1.179,-0.088
5596.0,0.92,-0.02
3632.0,0.38,-0.34
6141.0,1.086,-0.02
6091.0,1.01,-0.04
3713.0,0.47,-0.12
5271.0,0.960919,-0.02
4998.0,0.76,-0.02
5797.0,1.02,0.03
4926.0,0.71,-0.02
6207.0,1.82,-0.02
3682.0,0.44,-0.11
5658.0,0.815,-0.22
5928.0,1.077775,0.23
5265.0,1.002,0.46
5150.0,1.78,0.15
6457.0,1.735,-0.113
5807.0,0.922,0.07
4928.0,1.022,-0.221
4105.0,0.69386,-0.02
3490.0,0.329,-0.02
5982.0,0.879,-0.28
6152.0,1.19,-0.02
5046.0,0.752,-0.55
5874.0,0.89,-0.02
5596.0,0.92,-0.02
3435.0,0.384,-0.06
5738.0,1.238,-0.1
5583.0,1.007,0.02
6006.0,1.082,0.07
6335.0,1.4,0.04
5596.0,0.92,-0.02
5723.87,0.864173,-0.02
5596.0,0.92,-0.02
5360.0,0.846,0.1
5596.0,0.367,-0.02
5889.0,1.412,0.49
6689.0,1.335,-0.02
6087.0,1.226,-0.02
4563.0,0.642,-0.32
5232.0,0.891,-0.02
5556.0,1.18,-0.02
6042.0,0.96,-0.02
5596.0,0.639,-0.02
5767.0,0.881,-0.06
5787.0,0.96,-0.02
5596.0,0.75,-0.02
4551.0,0.68,0.0
5730.0,0.87,-0.06
6123.0,1.107,0.14
4360.0,0.697,0.11
5668.15,0.986943,-0.02
3572.0,0.419,-0.19
3497.0,0.232,-0.02
6549.0,1.438,-0.16
6214.0,1.4,-0.02
6509.8,1.8,-0.02
3727.0,0.5,0.04
5387.0,1.671,-0.42
5327.0,0.82,-0.023
5099.0,0.812,0.05
5675.0,1.042,-0.18
6008.0,1.003,-0.14
3724.0,0.414,-0.4
5404.0,1.167,0.24
6100.0,1.083,-0.12
5446.0,0.766,0.0
5990.0,0.93,-0.02
6137.02,1.91334,-0.02
5646.0,0.932,0.12
5291.0,0.866,-0.044
5544.0,0.96,-0.02
3866.0,0.598,0.26
4590.0,0.751825,-0.02
4367.0,0.452,-1.46
2850.0,0.1556,-0.028
4806.0,0.729,-0.1
5749.0,1.33066,-0.02
3354.0,0.3578,0.265
2960.0,0.171,-0.09
5253.0,2.361,-0.02
4486.0,0.577,-0.02
5684.0,0.819,-0.24
5349.0,0.889,-0.02
6110.0,1.109,-0.02
5714.0,1.58,-0.02
5283.0,0.839,0.134
5952.0,1.0,-0.02
5166.0,0.678,-0.42
5224.0,0.7511,-0.294
5297.0,0.81,-0.02
5970.0,1.378,-0.02
5625.0,1.06,-0.02
5321.19,0.834386,-0.02
5181.0,0.73,-0.02
3816.0,0.51,-0.05
5620.0,1.509,-0.02
4812.0,0.73,0.0
4530.0,0.657,-0.1
5614.0,0.91,-0.03
5682.0,0.87,-0.02
6141.0,1.712,0.12
3490.0,0.329,-0.02
5783.0,0.939,0.0
5658.0,0.948,-0.2
5278.0,0.843307,-0.02
5822.0,1.75,-0.02
3877.0,0.586,0.21
5372.0,0.86,-0.02
5003.0,0.797,-0.02
6224.0,1.29,0.03
5190.0,0.888,-0.02
5597.99,0.971675,-0.02
5715.0,0.94,-0.05
5200.0,0.88,-0.07
6218.0,1.651,0.156
5900.0,0.951,0.07
6202.0,1.11,0.0
4255.0,0.651,-0.28
4812.0,0.713,-0.04
6099.0,1.147,0.02
5950.0,1.15,-0.02
6289.49,1.58202,-0.02
5378.0,0.94,-0.02
4856.13,0.723757,-0.02
5712.0,1.08,-0.02
6032.0,1.001,-0.02
4528.0,0.624,-0.3
5511.0,0.72,-0.5
6055.0,1.393,-0.09
3866.0,0.551,-0.02
5692.0,1.16,-0.02
5450.0,0.842,0.1
4305.0,0.602,-0.26
5757.0,0.872,-0.08
6412.0,1.04,-0.3
4285.0,0.703,-0.12
5650.0,1.2,0.14
5798.0,0.958,-0.02
6008.0,1.003,-0.14
7225.0,1.831,-0.02
4983.6,0.83,-0.02
5782.0,1.084,-0.034
3698.0,0.444,-0.2
5596.0,0.984,-0.02
6044.0,1.327,-0.24
5657.0,0.93,0.0
5855.0,0.94,-0.02
3415.0,0.303,-0.46
6003.0,1.109,-0.38
6147.0,1.45,0.36
5009.0,0.787,0.18
5618.0,0.95,0.08
5500.0,0.9,0.0
5746.0,1.05,-0.02
5808.0,1.385,0.14
5167.0,0.737,-0.18
5342.0,0.83,-0.02
4843.0,0.74,-0.02
3901.0,0.599,-0.02
6688.0,1.347,0.07
5543.0,0.813,-0.14
7000.0,1.94,-0.02
5278.0,0.815,0.14
5887.0,1.138,-0.16
5688.0,1.46,0.335
5349.0,1.032,0.18
5679.0,1.53012,-0.02
5230.0,0.88,0.38
5634.0,1.043,0.14
4285.0,0.703,-0.12
6384.0,1.904,0.12
5731.0,1.19,-0.24
4955.0,0.795,-0.02
5500.0,0.682,-0.82
5260.0,0.778,-0.06
5101.0,0.67,-0.5
6150.0,1.129,-0.02
4694.84,0.809951,-0.02
5872.0,1.666,0.208
5220.0,0.828,-0.02
5271.0,0.86,-0.06
5292.0,0.797,-0.02
5481.0,0.856226,-0.02
4781.0,0.7,-0.16
5871.0,1.14,0.1
5618.0,1.54,-0.02
4222.06,0.646783,-0.02
5877.0,1.18,-0.02
4900.0,0.772,0.12
3623.0,0.348,0.068
6303.91,1.61034,-0.02
6173.0,1.041,-0.04
27730.0,0.203,-0.02
4261.0,0.633,-0.06
5858.0,1.04,-0.12
5913.0,1.1618,-0.07
3689.0,0.92,-0.16
4995.0,4.16,-0.07
5231.0,0.825125,0.21
4865.6,0.793476,-0.02
3425.0,0.46,-0.02
5638.0,0.902012,-0.03
6461.8,1.33,-0.02
3185.0,0.2775,0.336
4141.0,0.602,-0.02
5450.0,0.842,0.1
5456.0,0.875749,0.13
6057.0,1.467,-0.06
5735.0,0.833,-0.22
5623.0,1.752,-0.11
3194.0,0.287497,-0.02
6167.0,1.064,0.07
4676.0,0.69,-0.14
5779.0,0.86,-0.02
5596.0,0.576,-0.02
5681.95,0.968149,-0.02
5781.0,1.533,0.09
6384.0,1.121,-0.24
5075.0,0.743,0.26
6044.0,1.095,-0.02
5596.0,1.45,-0.02
5596.0,0.507,-0.02
5794.0,1.20424,0.25
5884.0,1.127,-0.22
6240.0,1.241,0.284
6129.0,1.108,-0.02
4991.0,2.935,0.28
6070.0,1.857,0.288
6175.0,1.01,-0.42
5670.0,0.93,-0.02
5763.0,0.957,-0.56
5539.0,1.11,0.18
3720.0,0.495,-0.26
5085.0,1.08,-0.02
3765.0,0.5441,-0.71
5900.0,1.12783,-0.02
5158.0,0.7847,-0.002
5680.0,1.12,0.28
5993.0,0.986,0.07
5711.0,1.375,0.1415
5637.0,0.821,-0.18
5178.0,0.737,-0.02
6072.0,1.659,-0.09
5635.0,1.05,0.136
6040.0,1.21,0.05
4405.0,0.6977,0.208
3421.0,0.37,-0.14
5596.0,0.64,-0.02
5967.0,1.1,0.04
6099.0,1.028,0.02
4385.0,0.706,0.38
5982.9,1.67987,-0.02
5686.0,1.077,-0.02
5169.0,0.8,-0.02
6020.0,1.312,0.24
6357.0,1.17,-0.1
5926.0,0.887,-0.2
4377.53,0.640675,-0.02
6046.0,1.31,0.18
5717.0,1.51,-0.02
3805.0,0.497,-0.1
5586.0,1.05,-0.02
3659.0,0.54,0.376
4930.0,0.742,-0.1
5406.0,0.879,0.2
5451.0,0.85,-0.02
6075.0,0.969,-0.12
6213.0,1.195,0.36
5838.0,1.47,-0.02
6016.4,1.72,-0.02
5517.0,1.2,-0.02
6116.0,1.25,0.06
5390.0,1.104,0.2
6315.7,1.50876,-0.02
5988.0,1.236,-0.12
4743.0,0.81,0.4
6181.58,1.36797,0.107
6153.0,1.109,0.02
4925.0,0.64,-0.37
6126.0,1.079,-0.3
5476.0,0.974,-0.02
6046.0,0.972,-0.08
5924.0,0.91,-0.02
5596.0,0.831,-0.02
6979.2,1.58746,-0.02
5529.0,0.937741,-0.02
4762.0,0.683,-0.21
5620.0,0.84,-0.19
4798.0,0.707,0.0
5490.0,0.85,0.02
3978.0,0.649,0.19
6169.0,1.117,-0.08
5596.0,0.92,-0.02
5212.0,0.87,0.04
5693.0,0.856,-0.08
6011.0,1.494,-0.4
5915.0,1.008,-0.02
3495.0,0.31,-0.02
5105.0,2.90324,-0.02
5070.0,0.9,0.28
3965.0,0.603336,-0.02
5596.0,0.92,0.1
6856.0,1.405,-0.18
6068.0,0.831,-0.5
5700.0,0.95,-0.02
4919.0,0.72,-0.18
5801.89,1.26,-0.02
4867.0,0.696,-0.16
5707.0,1.929,-0.02
5741.0,0.833,-0.24
4658.0,0.686,0.0
5498.0,0.87,0.1
5007.0,0.783,-0.033
3064.0,0.281,-0.02
6102.0,1.026,0.0
5132.0,0.77,-0.06
5537.0,1.714,-0.2
4452.0,0.729635,-0.02
3750.0,0.45,-0.23
5306.0,0.954,-0.02
5858.0,0.963,0.1
5604.0,0.82,-0.02
5286.0,0.835,0.03
5720.0,1.035,0.25
5631.0,0.912206,-0.19
4991.0,0.72,-0.02
5516.0,0.967,-0.06
5243.0,0.744,-0.2
6405.0,1.409,0.0
5106.0,0.78,0.03
5650.0,0.91,0.02
6509.0,1.506,0.186
5583.0,0.79,-0.26
3517.0,0.37,-0.07
5140.0,0.96,0.0
5868.0,0.859,-0.02
3075.0,0.229824,-0.02
6289.0,1.102,-0.12
6061.0,0.97,-0.1
3746.0,0.463205,-0.02
5731.86,0.959792,-0.02
5500.0,0.928,-0.16
5652.0,0.93,-0.02
5656.0,1.162,-0.02
5840.0,0.849,-0.24
6053.0,1.16,0.03
5574.0,0.99,-0.02
5380.0,0.779,-0.14
5792.0,0.819,-0.32
5470.0,0.869,-0.025
5427.0,0.929,0.16
5726.0,1.38708,-0.02
4599.0,0.681,-0.06
5027.0,0.828,0.41
5775.0,1.25,-0.46
5322.0,0.82,0.06
5266.0,0.788,-0.2
5583.1,0.995254,-0.02
3163.0,0.1966,-0.02
5821.0,1.21,0.1
5700.0,0.894563,-0.02
5632.0,1.03,-0.02
4977.0,1.94,-0.02
4299.0,0.562,-0.02
5282.0,0.81,-0.07
6100.0,2.46,-0.35
5596.0,0.92,-0.02
5660.0,1.261,0.36
5803.0,1.04,0.1
6063.0,1.213565,0.41
5713.15,1.01477,-0.02
5290.0,0.746,-0.22
5567.93,1.00188,-0.02
6322.0,1.131,-0.12
6397.0,1.531,-0.04
5929.0,1.079,0.168
4045.0,0.515,-0.48
5003.05,0.783768,-0.02
6330.0,1.07,-0.02
6164.0,1.825,-0.1
3914.0,0.53,-0.12
6302.0,1.511,-0.06
5724.0,0.95,0.11
5446.0,0.821,-0.2
5442.0,0.879,-0.1
4922.0,0.751,0.07
3292.75,0.279867,-0.02
4184.0,0.57,-0.3
6170.0,0.992,-0.16
4518.0,0.653,-0.24
5596.0,0.693,-0.02
3483.17,0.532473,-0.02
6314.0,1.34,-0.01
5141.0,0.876154,-0.02
5829.0,1.017,-0.02
4040.0,0.57,-0.14
4901.0,0.716,0.04
4141.0,0.608,-0.04
6209.0,1.048,-0.02
6019.0,1.26,-0.02
6193.0,1.28,0.0
5731.43,0.996208,-0.1455
5865.0,0.944,0.04
6178.0,1.267,-0.04
5948.0,0.994,-0.06
3563.0,0.43,-0.02
6245.0,1.057,-0.02
5663.0,1.065,-0.02
5504.0,1.163,0.326
4285.0,0.703,-0.12
5370.0,0.962287,-0.02
4920.0,0.0121,-0.02
4781.0,0.697,0.02
5596.0,0.92,-0.02
5806.0,0.899,-0.04
5144.5,0.77,-0.02
5612.0,1.2,0.194
6435.0,1.108,-0.02
5541.0,1.648,-0.02
3733.0,0.674,-0.02
5984.0,1.29,-0.06
5970.0,0.79,0.0
5596.0,2.07,-0.02
5170.0,0.95,-0.02
6212.0,1.74,-0.02
4622.0,0.674,-0.02
5666.0,0.897,-0.27
7690.0,1.92,0.09
5596.0,0.468,-0.02
5224.0,0.726,-0.11
5791.0,0.95,-0.05
5478.0,1.053,0.16
5753.0,0.97,-0.02
5731.0,1.231,0.16
6045.0,1.224,-0.02
5753.0,1.189232,0.13
5500.0,1.28,0.33
5492.0,0.828,-0.02
6305.0,1.62,-0.02
5957.0,1.592,-0.1
5831.0,0.921,0.0
4897.0,0.772,-0.02
5138.0,0.75,0.06
5243.0,0.831,0.14
5800.0,1.27,0.17
6256.0,1.269,-0.08
5320.0,0.858,-0.02
5862.0,1.463,0.16
6122.0,1.21,0.02
4981.07,0.886956,-0.02
6221.0,1.064,-0.02
5984.0,0.906,-0.2
5696.0,1.15281,-0.02
4913.0,3.41348,-0.02
5959.0,0.966,-0.16
6146.0,1.264,0.14
5707.0,1.16,-0.02
5596.0,0.824,-0.02
5627.0,0.833,-0.16
5669.0,0.921,-0.18
4102.02,0.579535,-0.02
5937.0,1.149,-0.176
6210.0,1.439,-0.02
5465.0,0.925,0.02
5599.0,1.75,0.33
5849.0,1.225,0.22
4891.0,0.805,0.16
5978.0,1.06715,-0.02
5596.0,0.982,-0.02
5596.0,0.715,-0.02
4570.0,0.7007,-0.238
6360.0,1.571,-0.02
4503.0,0.676,-0.02
6182.0,1.22,-0.02
5695.0,1.07,0.2
6003.0,1.178,-0.02
5730.0,1.04,-0.02
6425.0,1.186,-0.02
6408.0,1.38,-0.02
5835.0,1.03,0.06
6167.0,1.064,0.07
5416.0,0.87,0.03
3349.0,0.388609,-0.02
4612.99,0.74,-0.02
4884.0,0.749,0.02
5789.0,0.907,-0.292
6090.0,2.03,-0.02
5629.0,1.17,0.414
5324.0,0.791,-0.04
6749.0,1.484,-0.04
4985.0,0.808,0.11
5906.0,1.145,0.22
4949.0,0.741,-0.18
5740.0,0.98,0.03
5625.0,0.938,-0.01
6089.0,0.886,-0.02
5673.0,0.887,0.25
5585.0,0.835,-0.29
6146.0,1.55738,-0.02
5400.0,1.18,-0.02
6642.0,1.846,-0.02
5576.0,0.852,0.02
5700.0,0.87,-0.18
3959.0,0.561356,-0.02
5988.0,0.934,-0.12
6235.0,1.039,-0.08
5596.0,0.702,-0.02
5596.0,0.92,-0.02
4462.0,0.71,-0.28
5862.0,1.307,-0.1
5690.0,1.589,-0.03
6011.9,1.15664,-0.02
5795.29,1.13,-0.02
6150.0,1.241,0.18
4553.0,0.734919,-0.02
5895.0,0.94,-0.02
5501.0,1.91,-0.02
5939.0,1.136,0.17
5841.0,1.6184,0.226
5185.0,0.79,0.02
3984.0,0.539,-0.22
6324.0,1.43,0.1
6653.0,1.356,-0.02
5189.0,0.765,-0.06
4174.0,0.62,-0.58
4505.0,0.72,-0.08
5100.0,0.762,-0.12
5000.0,0.762994,-0.07
5570.0,0.81,-0.02
6231.0,1.437,-0.02
5993.0,0.986,0.07
6235.0,2.43,-0.02
5880.0,1.32,-0.02
5712.0,1.01702,-0.02
5875.0,0.881,-0.106
5596.0,0.61,-0.02
5182.0,0.861,0.18
4965.0,0.725,-0.02
5787.0,0.851,-0.18
5596.0,0.92,-0.02
6123.0,1.716,-0.33
5590.0,1.79,0.01
3512.0,0.411452,-0.02
4634.6,0.778749,-0.02
5176.0,0.738,-0.18
5477.0,0.865,0.21
5017.0,0.797,-0.02
5596.0,1.269,-0.02
3950.0,0.566,0.04
5635.0,0.95,-0.14
6232.0,1.09,0.07
5613.0,0.92,0.01
4954.0,0.885,0.44
5550.0,1.213,0.35
5573.0,0.982,0.16
3654.47,0.402049,-0.02
5560.0,0.939,-0.02
5876.0,0.84,-0.3
3247.0,0.34,-0.02
6419.0,1.362,-0.48
6000.0,1.13,-0.02
5808.0,0.786,-0.46
5450.0,0.897,0.01
4494.0,0.659,-0.04
5952.0,1.044,-0.02
4948.0,0.732535,-0.02
5758.0,1.44,-0.02
5855.0,1.373,0.26
5596.0,0.73,-0.02
5440.0,0.885,-0.24
5065.0,0.7934,0.182
5497.0,0.9785,0.297
5356.0,0.685,-0.66
5700.0,2.15,0.0
5802.0,1.071,-0.02
5596.0,0.731,-0.02
5769.0,0.96,-0.08
6292.0,1.276,0.16
5187.0,0.79,-0.02
5710.0,1.892,0.215
6014.0,1.433,-0.02
5660.5,1.22,-0.02
3551.0,0.475,-0.13
6015.0,1.29,0.098
4780.0,0.703,0.24
5957.0,0.937,-0.08
5960.0,1.334,0.12
5659.0,1.619,0.29
5765.0,0.93,-0.39
5815.0,0.992,0.12
5884.0,1.5,0.07
5966.0,1.248,0.027
6081.0,1.263,-0.02
5392.0,0.893,0.02
4620.0,0.71,-0.02
5712.0,1.082,0.1
5251.0,0.817,0.21
5605.0,0.95,0.1
5596.0,0.758,-0.02
3978.0,0.649,0.19
4545.43,0.713599,-0.02
3748.0,0.5128,0.154
6248.0,0.886,-0.5
4995.0,0.781,0.34
5616.0,1.2,0.4
6241.0,0.998,-0.48
5289.0,0.98,0.24
5933.0,0.861,-0.28
5596.0,1.01,-0.02
3806.0,0.5,-0.06
6220.0,1.453,-0.02
5524.0,0.89,0.0
3476.0,0.47,0.18
5609.0,0.755,-0.42
6139.95,1.8109,-0.02
5600.0,0.954,0.15
4817.31,0.789834,-0.02
6011.0,1.409,-0.3
5430.0,1.902,0.16
5588.0,1.467,-0.1
5838.0,1.065474,0.03
6900.0,1.91,-0.1
5063.0,0.785,0.04
5949.0,1.09,0.05
5592.0,0.953,0.16
5162.0,0.795,0.06
4944.0,0.824284,-0.02
5201.0,0.834,0.36
4316.0,0.651,-0.23
3903.0,0.54,-0.07
5489.0,0.892097,0.07
5100.0,0.84,0.27
6200.0,1.95,0.0
5530.0,0.95,-0.09
6190.0,1.659,-0.06
5414.0,0.805,0.12
6412.0,1.04,-0.3
5982.0,0.96,-0.04
5420.0,0.871,-0.06
6072.0,1.01,-0.3
5461.0,0.85,-0.02
6129.0,1.108,-0.02
4993.0,0.797,-0.02
5771.0,1.382,-0.3
6010.0,1.13,0.03
6590.0,1.83,-0.02
5800.0,1.567,0.34
5861.0,1.543,0.06
4683.0,0.701795,-0.02
5611.0,1.791,0.02
4942.0,0.769722,0.14
5914.0,1.146,0.16
3387.0,0.3,-0.09
5642.0,1.79,-0.02
5693.0,0.856,-0.08
4803.0,0.737189,-0.02
5495.0,0.92,-0.02
5387.0,0.940037,-0.02
5642.0,1.05,-0.26
5599.0,1.03,0.23
5609.0,1.78598,-0.02
4523.0,0.643,-0.18
4859.0,0.651,-0.52
5684.0,1.112,-0.22
3943.0,0.63072,-0.02
4360.11,0.825257,-0.02
6915.0,1.448,0.02
5980.0,1.174,0.13
4166.0,0.54,-0.02
3331.0,0.374,0.28
5400.0,0.937,0.24
6144.0,1.393,-0.3
4948.0,0.816,0.14
6197.21,1.64162,0.1278
3420.0,0.36,-0.1
5121.0,0.809,-0.02
5929.0,1.069,0.14
5596.0,0.5573,-0.02
5596.0,0.984,0.37
5428.0,0.86416,0.15
5841.0,0.88,-0.02
5858.0,0.963,0.1
5557.0,1.151,0.14
6340.0,1.393,-0.38
5595.0,1.001,-0.02
6126.0,1.079,-0.3
6379.0,1.111,-0.3
5055.0,0.731,-0.02
6014.0,0.993,0.07
5762.0,1.06,0.06
6215.0,1.57,0.28
6192.0,1.576,-0.02
5748.0,1.133,-0.02
5693.0,0.875,-0.11
5745.0,0.97,0.0
5548.0,1.793,0.12
2566.0,0.1192,-0.02
6206.0,1.634,0.216
5641.0,0.961,-0.02
5326.0,0.877,0.051
6229.0,1.204,0.15
7175.0,1.433,-0.02
5025.77,0.801736,-0.02
5013.7,0.77,-0.02
4008.0,0.657,-0.02
5156.16,0.854084,-0.02
5279.0,0.8,-0.07
4992.0,0.76,-0.02
6000.0,1.12,-0.01
4201.0,0.75,-0.02
5749.0,0.97,0.074
3701.0,0.492584,-0.02
6302.0,1.511,-0.06
4458.0,0.658,-0.16
5638.0,0.83,-0.02
4760.0,0.76,-0.02
5255.0,0.776,-0.02
5382.0,0.818403,-0.07
5878.6,1.24,-0.02
6735.0,1.604,-0.22
5727.0,1.09,-0.02
6260.0,1.64,-0.02
5912.0,1.094,-0.14
6282.0,1.549,-0.4
5919.0,1.171,0.18
3578.0,0.382,-0.051
5814.0,0.881,-0.18
4837.0,0.731146,-0.02
5837.0,1.02,0.06
6791.0,0.92,-0.02
4621.0,0.650657,-0.26
6257.0,1.186,0.18
5957.0,1.051,-0.34
6120.0,1.19,0.14
6017.1,1.05,-0.02
5596.0,0.8,-0.02
6361.0,1.1,-0.02
4224.0,0.603,-0.2
5648.0,0.94,-0.02
5018.0,0.676,-0.02
5938.0,0.92,-0.02
4188.0,0.59,-0.22
5159.0,0.850729,-0.02
5148.0,0.79,0.0
5987.0,1.03,0.1
5900.0,1.1,-0.02
6528.0,1.155,-0.16
5672.0,1.204,0.2
5133.0,0.8377,0.287
5900.0,1.14,-0.04
6100.0,1.083,-0.12
6209.0,1.62,-0.02
4800.0,4.1,0.1
6040.0,1.19,-0.01
6046.0,1.023,-0.14
3794.0,0.63,0.52
6012.0,1.048,-0.02
3281.0,0.32,-0.02
5740.0,1.59,0.0
5596.0,0.92,-0.02
5211.36,0.832631,-0.02
5900.0,0.9,-0.02
5418.77,1.00145,-0.02
5568.0,0.966,-0.04
5596.0,0.773,-0.02
4970.0,1.32,-0.02
3459.0,0.37,-0.01
6480.0,1.38,-0.03
5596.0,1.85,-0.02
6153.0,1.62,0.26
5596.0,0.92,-0.02
4400.0,0.588,-0.03
5275.0,0.787,0.0
5675.0,1.042,-0.18
5596.0,1.09,-0.02
5569.0,0.868889,-0.06
3317.0,0.3243,-0.15
6127.0,1.637,-0.12
5693.0,0.802,-0.3
6418.0,2.31,-0.02
6580.0,1.75,-0.02
5936.0,1.084,-0.06
6341.0,1.033,-0.24
6535.0,1.283,0.21
4608.0,0.716,0.02
5453.0,0.995,0.302
6104.0,1.225,-0.2
4540.0,0.678,0.04
4746.0,0.675,-0.02
5238.0,0.851,-0.08
6237.0,1.683,-0.22
5988.0,1.3,0.24
5617.0,1.032,-0.02
5986.0,1.04,-0.02
6260.0,1.235,-0.02
6255.0,1.681,-0.02
5185.0,0.91,0.16
6190.0,1.17,0.05
4633.87,0.630715,-0.02
5918.0,1.068,-0.22
5112.0,0.726,-0.2
5920.0,1.09,-0.06
5874.0,1.10649,-0.02
6073.0,1.135,0.2
5755.0,1.549,0.24
4861.0,0.75,0.07
4950.0,0.745,0.07
4987.0,0.768,0.12
6225.0,1.009,-0.18
6430.0,1.625,0.19
5863.0,0.92,-0.02
6045.0,1.231,0.12
5596.0,0.628,-0.02
6418.0,1.171,0.07
5910.0,0.94,-0.02
5683.0,1.472,0.1
4508.0,0.6701,-0.059
6313.0,1.25,-0.02
6490.0,1.307,0.16
4773.0,0.689,-0.02
5941.0,1.925,0.164
3352.0,0.325635,-0.02
5316.0,0.719,-0.38
5998.0,1.18,-0.02
6327.0,1.88,-0.02
5768.0,1.344,-0.39
6210.0,1.1,-0.02
5596.0,1.18,-0.02
5596.0,0.778,-0.32
6220.0,1.328,0.02
4868.61,0.69,-0.02
5520.0,0.904,0.08
5661.0,1.008,0.1
5002.0,0.753,-0.18
5508.0,0.88,0.11
4396.27,0.713832,-0.02
6538.0,1.21,-0.02
5596.0,0.936,-0.02
5859.0,1.538,0.273
5608.0,1.07,0.23
5791.0,0.95,-0.05
6054.0,1.08,-0.02
3837.0,0.55,0.0
3664.0,0.539,-0.11
6429.0,1.262,-0.46
4505.0,0.658,-0.2
5741.0,0.946,0.12
5596.0,0.92,-0.02
5596.0,0.92,-0.02
5187.0,0.7622,-0.032
4811.0,0.634,-0.58
5596.0,1.525,-0.02
3748.0,0.552,0.005
6214.0,1.035,-0.36
5417.0,0.772,-0.32
4380.0,0.53,-0.92
5596.0,0.92,-0.47
5966.0,0.93,-0.02
4783.0,0.741,0.18
6178.0,2.136,-0.02
5678.0,1.303,0.2
6597.0,1.491,0.0
5956.0,0.92,-0.02
8039.0,1.6008,-0.02
4678.0,0.709927,-0.02
5609.0,0.9662,-0.02
4799.0,1.818,0.56
6106.0,1.359,-0.02
6292.0,1.07,-0.02
5093.0,0.69,-0.02
5381.0,0.848,-0.01
5713.0,0.99,-0.1
5131.0,0.798574,0.06
5007.0,0.783,-0.033
3983.0,0.54,-0.2
5742.0,1.7,0.38
6370.0,1.56,0.045
5216.0,0.81,0.03
5725.0,1.09,0.07
4636.0,0.647947,-0.29
3466.0,0.420908,-0.02
6102.0,0.887,-0.38
3390.0,0.348,0.3
5480.8,1.02,-0.02
5257.0,0.97,-0.02
5508.0,0.84,0.07
5052.0,0.816,0.02
4261.0,0.633,-0.06
4505.0,0.658,-0.2
5442.0,0.974,0.1
4873.0,0.796,0.32
5214.0,0.98,-0.02
5895.0,2.014,0.14
6442.0,2.554,0.232
5069.0,0.74,-0.19
6264.0,1.019,-0.24
4421.0,0.573,-0.02
6036.0,2.07,0.14
4780.0,0.82,-0.02
5278.0,0.78,-0.27
5755.41,1.00286,-0.02
4441.0,0.546,-0.86
6009.0,1.673,-0.09
6058.0,0.867,-0.4
5223.0,0.78,0.07
3204.0,0.174,-0.02
5638.0,0.909,-0.081
4744.0,0.725,0.1
5596.0,1.508,-0.02
5680.0,1.85,-0.03
3387.0,0.379,-0.02
5396.0,0.766,-0.2
5754.0,1.537,-0.4
3452.0,0.321,0.01
5596.0,1.115,-0.02
5000.0,0.88,0.15
4894.0,0.701,-0.22
5596.0,0.92,-0.02
9540.0,1.5,0.05
5215.0,0.845,-0.06
4261.0,0.633,-0.06
5596.0,0.92,-0.02
5660.0,0.877,-0.28
5787.0,0.851,-0.18
5596.0,0.9395,-0.02
5718.0,0.995,0.12
5834.0,0.797,-0.44
4769.0,0.714,0.12
3420.0,0.36,-0.1
5900.0,1.61,0.05
5464.0,0.83,0.04
5562.0,1.25,-0.02
5494.0,0.979,-0.12
3664.0,0.539,-0.11
5634.0,1.02,-0.02
3449.0,0.468,0.0
5613.0,0.84,-0.16
5631.0,0.94,-0.02
4362.0,0.733789,-0.02
6177.0,1.31,0.35
5168.0,0.769,-0.12
6033.0,1.417,0.249
4511.0,0.65,0.0
5931.0,1.101,-0.24
5452.0,0.9,0.36
5321.0,0.858,-0.16
4766.0,0.769,0.306
4111.0,0.618173,-0.02
6446.0,1.637,-0.02
5151.0,0.86,0.17
5617.0,0.97,0.14
6400.0,1.415,0.09
6108.0,1.03,0.07
6374.0,1.38,-0.02
4705.1,0.75309,-0.02
4210.0,0.6,-0.02
4116.0,0.7,-0.205
4723.0,0.747,0.08
4684.0,0.72,-0.02
5379.0,0.78,-0.02
5331.0,0.82,-0.02
5560.5,1.61148,-0.02
5638.0,1.153,0.32
4316.0,0.662,-0.23
5865.0,1.272,0.16
5713.0,0.893,0.07
6432.0,1.3,-0.14
5714.0,1.015,0.16
5347.0,1.08,-0.02
5906.0,0.85,-0.76
5182.0,0.82,0.2
5657.0,0.911,-0.48
3871.0,0.532,0.07
6418.0,1.171,0.07
6634.0,1.77,-0.02
3517.0,0.37,-0.07
6184.0,1.29,0.02
3862.0,0.5,-0.02
5321.0,0.86,0.12
5851.0,1.409,-0.02
3225.0,0.2992,-0.03
5002.0,0.719,-0.02
5624.0,1.018,0.3
5461.0,0.924,-0.12
6327.0,1.43,0.04
5559.0,0.79,-0.64
5735.0,0.833,-0.22
5443.0,0.738,-0.38
5475.0,0.97,-0.02
6222.0,1.02,-0.02
4684.0,0.71,-0.2
5991.0,1.293,-0.2
5950.0,1.1,0.15
5866.0,0.999,0.01
5857.0,0.884,-0.02
5596.0,0.276,-0.02
5330.0,0.726,-0.32
5981.0,0.99,-0.02
4641.0,0.68,-0.12
6095.0,1.5082,-0.1
4504.0,0.72,-0.02
2566.0,0.1192,-0.02
5607.0,0.754,-0.02
5178.0,0.767,-0.02
5290.0,0.746,-0.22
5772.0,0.899,-0.22
5413.0,0.751,-0.32
5542.0,0.872,-0.08
5797.0,0.99,-0.03
5596.0,1.82,-0.02
5688.0,0.912,0.03
5908.0,1.09,-0.02
5173.0,0.939,0.26
5588.0,0.817,-0.02
5001.0,0.76,-0.03
5681.0,1.29,0.37
5424.8,0.916164,-0.02
6122.0,0.964,-0.18
5351.0,0.796,-0.04
3757.0,0.66,-0.02
5770.0,0.933,0.04
5823.0,1.072,0.18
6021.0,1.141,-0.02
4621.0,0.668,-0.24
5825.0,0.923,0.02
6178.0,1.021,-0.1
3919.0,0.611,0.33
5858.0,0.963,0.1
6353.0,1.4182,-0.018
5798.0,0.92,-0.22
5348.0,0.94,-0.15
6453.0,1.31,-0.02
5170.0,0.81,0.16
5880.0,1.026,0.0
5697.0,0.84,-0.02
4847.0,0.737,0.0
6464.0,1.12,-0.02
6000.0,1.65,0.12
5911.0,0.914,-0.1
5599.0,0.848,-0.02
4815.0,0.72,-0.1
5708.0,1.05042,-0.02
4629.0,0.67,-0.14
3954.0,0.511,-0.02
4988.0,0.766,0.1
2703.0,0.118,0.0
5853.7,1.09271,-0.02
5596.0,0.71,-0.02
5515.2,1.39,-0.02
6086.0,0.921,-0.26
4406.0,0.77,-0.02
5772.0,0.901,0.0
5883.0,1.005,0.06
4559.0,0.65,-0.02
5685.0,1.06,-0.02
6093.0,3.913,-0.18
5596.0,0.75,-0.02
5818.0,1.205,-0.02
5596.0,0.801,-0.02
5772.0,1.468,0.278
6384.0,1.16,-0.02
5436.0,0.819,0.0
6313.0,1.122,-0.12
3623.0,0.348,0.068
6197.0,1.035,-0.08
6038.0,1.191,-0.16
4796.0,0.696,-0.02
5903.0,1.156,-0.1
4200.0,0.639,-0.02
3822.0,0.49,-0.21
7490.0,2.082,0.15
5987.0,1.043,0.1
5872.0,1.993,0.27
6238.0,1.054,-0.4
6664.0,1.18444,-0.02
5922.0,1.196219,0.05
3226.0,0.2056,-0.3443
4897.0,1.826,0.24
5401.0,0.835,0.2
5806.0,1.041,-0.02
5516.0,0.94,-0.02
4975.0,0.787,0.0
5881.0,0.848,-0.66
6570.0,1.39,-0.03
5314.0,1.062,0.3
5493.0,0.8401,0.017
3506.0,0.38,-0.02
6763.0,1.424,-0.32
3809.0,0.455,-0.4
3660.0,0.509,0.1
6028.0,1.047,0.21
3575.0,0.516105,-0.02
3022.0,0.242745,-0.02
5296.38,0.85412,-0.02
5548.0,0.919053,0.26
4841.0,0.779,0.1
4500.0,0.69,-0.02
3399.8,0.49012,-0.02
5894.0,1.06,-0.02
5866.0,1.417,-0.2
3799.0,0.492,-0.2
3750.17,0.553216,-0.02
5596.0,0.92,-0.02
5596.0,0.92,-0.02
5596.0,2.378,-0.02
6071.0,1.295,-0.06
5120.0,0.784,-0.04
7204.58,1.49338,-0.02
4794.4,0.85,-0.02
5467.0,0.856,-0.14
4820.0,0.732,-0.02
4137.0,0.612,0.0
6352.33,1.31,-0.02
5465.0,0.736,-0.4
5967.0,1.333718,0.04
6223.0,2.338,0.37
3648.0,0.282,-0.048
3893.0,0.5,-0.28
6086.0,1.13,-0.02
5774.0,0.958,-0.1
4465.0,0.675,-0.02
6321.0,1.41189,-0.02
5774.0,0.818,-0.3
5990.0,1.0,0.05
5784.0,1.147,0.05
3166.0,0.194357,-0.02
6293.0,1.14586,-0.02
5730.0,1.341,0.15
5782.0,0.822,-0.3
5550.0,0.95,-0.1
4920.0,0.71,-0.02
6122.0,0.964,-0.18
5675.0,1.38,-0.02
5845.0,0.874,-0.16
3710.0,0.549,-0.02
3893.47,0.655766,-0.02
5726.0,0.979,-0.1
5914.0,0.987,-0.22
5794.0,1.01,0.02
5934.0,1.46,0.09
5950.0,1.302,0.262
5377.0,0.877585,-0.02
4898.0,0.803,0.14
5629.0,0.85,-0.02
4098.0,0.61,0.02
5327.0,0.82,-0.023
5213.0,0.78,-0.06
6112.0,1.612,-0.02
5553.0,0.81,-0.02
5845.0,1.666,-0.02
3689.0,0.514745,-0.02
5131.0,0.77,-0.02
5923.0,1.735,-0.07
5622.0,1.406,-0.4
5200.0,0.89,0.3
3285.0,0.247331,-0.02
4790.0,4.2,0.42
5753.0,1.189232,0.13
3492.0,0.442,0.08
5070.0,0.7,-0.02
6368.0,2.06072,-0.02
5596.0,0.857,-0.02
5253.0,0.82,-0.01
5650.0,0.91,-0.07
5745.88,1.1849,-0.02
5381.0,0.953,-0.02
5137.0,0.92,-0.02
5564.4,0.93,-0.02
5950.0,1.822,0.145
2320.0,0.245,-0.02
4633.87,0.630715,-0.02
5009.0,0.75,-0.11
6736.9,2.61,-0.02
5324.0,0.791,-0.04
6099.0,1.146,0.0
5759.0,1.0,-0.02
6534.0,1.9,-0.26
6167.0,1.689,-0.12
5320.0,0.848,-0.02
5339.9,0.99,-0.02
6173.0,1.03,-0.28
5553.0,1.11542,-0.02
5129.0,0.755722,-0.02
5846.29,1.25324,-0.02
5506.0,0.914,0.04
6011.2,1.13476,-0.02
6343.0,1.137,0.07
4937.0,0.762201,0.14
3930.0,0.57,-0.33
5596.0,1.197,-0.02
4343.0,0.732,-0.102
5814.0,1.08,0.196
5172.0,0.767,0.07
3586.0,0.479,-0.03
5194.0,0.769,-0.02
5567.58,1.2084,-0.02
5815.0,0.877,-0.12
5596.0,0.9757,-0.02
6768.0,1.81,0.0
5790.0,0.92,-0.12
5265.0,0.785,-0.02
5596.0,0.891,-0.02
5708.0,0.85,-0.02
5807.0,1.433,-0.02
5728.0,0.890903,-0.2
4869.0,0.77,-0.09
5148.0,0.71,-0.02
3550.0,0.45,0.23
5596.0,1.0807,-0.02
4952.0,0.76,0.03
3875.75,0.547001,-0.02
5567.0,1.7031,0.405
3837.0,0.633668,-0.02
4999.0,0.76,0.06
5977.0,1.075,-0.1
3410.0,0.345,0.0
6501.0,1.74836,-0.02
4396.0,0.76,-0.02
5654.0,1.105,-0.02
3477.0,0.493576,-0.02
5033.0,0.71,-0.09
5948.0,1.208,-0.02
4481.0,0.797,-0.02
3853.0,0.62326,-0.02
3394.0,0.615219,-0.02
4645.0,0.693766,-0.02
5674.8,1.72,-0.02
5739.0,1.62762,-0.02
5906.5,1.41293,-0.02
5941.0,1.085,0.07
5640.0,1.055,0.165
5926.0,0.963,0.07
5627.0,0.808,-0.24
5784.0,0.961,-0.038
5117.0,0.818,0.134
5619.0,0.796,-0.7
4716.0,0.689,-0.47
5880.0,1.29981,-0.02
5170.0,0.807,0.18
6212.0,2.197,0.037
3578.0,0.43,-0.03
5359.0,0.951815,-0.02
4992.0,3.79,0.04
5374.0,0.82,-0.02
6014.0,1.021,-0.04
6337.0,1.07,-0.02
6047.0,1.129,-0.08
5841.0,0.931,0.07
6728.0,1.73,-0.02
5315.91,0.848099,-0.02
6438.0,1.74,0.09
5587.0,0.96,0.268
5556.0,0.84,-0.02
5837.0,1.09,0.01
3231.0,0.213459,-0.02
5861.0,1.03,0.02
5225.0,1.01,0.07
5936.0,0.965,0.07
6168.0,0.96,-0.24
4955.0,0.721,-0.1
4225.0,0.693431,-0.02
4770.0,0.684,-0.02
5700.0,1.006,0.16
5825.0,0.965,0.21
5200.0,0.77,-0.09
5831.0,1.256,0.01
5342.0,0.992137,-0.02
5991.11,1.12506,-0.02
5307.0,0.757,-0.28
5834.0,1.01733,-0.02
6405.0,1.1,-0.02
5596.0,0.634,-0.02
5922.0,1.08,0.05
5784.0,1.147,0.05
4452.0,0.74,-0.02
4348.0,0.625,-0.351
5650.0,1.19,0.19
5499.0,0.88,0.0
5258.0,0.793,0.04
6081.0,1.66,-0.03
5704.0,0.804,-0.3
4514.0,0.639,-0.2
3655.0,0.455,-0.02
5792.0,1.005,-0.26
5582.0,1.58,-0.02
3635.0,0.41,-0.2
5602.0,1.009,0.1
4836.0,0.717,0.0
4477.0,0.72,-0.02
6046.0,0.972,-0.08
5207.0,0.82,-0.02
6721.0,1.46,-0.02
5680.0,1.016,0.12
6158.0,0.99,-0.02
5826.0,0.88,-0.02
5471.0,0.809,-0.08
5515.0,0.87,-0.08
5932.0,1.375,0.08
5403.0,0.85,0.0
3834.0,0.490737,-0.02
5798.0,1.512,0.38
6304.0,1.34004,-0.02
6280.0,1.7,0.26
2988.0,0.2134,-0.262
5267.0,1.08,-0.02
5993.0,0.986,0.07
5989.0,1.49,0.18
6400.0,1.36,0.0
6319.0,1.032,-0.22
6372.0,1.015,-0.32
4072.0,0.65,-0.02
5370.0,1.08,-0.02
6131.0,1.86,-0.15
6147.0,1.04,-0.18
5596.0,0.92,-0.02
5281.0,0.81,-0.1
5063.0,0.8441,-0.065
5918.0,0.865,-0.26
6121.0,1.291,-0.02
5831.0,1.119,0.06
4262.0,0.77,-0.02
6560.0,1.72,-0.09
5946.0,1.239,-0.257
4621.0,0.758575,-0.02
5876.0,0.89,-0.02
5280.0,0.751,-0.42
3491.0,0.464,-0.05
6051.0,1.134,0.04
6363.0,1.012,-0.32
5588.0,1.593,0.14
4684.0,0.71,-0.2
5484.0,0.92,0.23
3975.0,0.509,-0.34
5700.0,1.00957,-0.02
4975.0,0.787,0.0
5550.0,1.07,-0.02
5036.0,0.834,-0.02
5703.36,0.952319,-0.02
5936.0,1.477,0.158
6112.0,1.643,-0.02
3588.0,0.58,-0.02
6021.0,1.458,-0.34
5120.0,0.853,0.07
5873.0,0.89,-0.02
3790.0,0.465,-0.02
6071.0,1.12,-0.02
